SubID,Red,Green,RunNumber,session,PartType,Date,FolderOrg
MET001,2149.0,919.0,1,1,1,10_DEC_24,S01_Beh_10_DEC_24
MET001,1999.0,1038.0,2,1,1,10_DEC_24,S01_Beh_10_DEC_24
MET001,1489.0,777.0,3,1,1,10_DEC_24,S01_Beh_10_DEC_24
MET001,1745.0,997.0,4,1,1,10_DEC_24,S01_Beh_10_DEC_24
MET001,1835.0,875.0,5,1,1,10_DEC_24,S01_Beh_10_DEC_24
MET001,2179.0,963.0,6,1,1,10_DEC_24,S01_Beh_10_DEC_24
MET001,1863.0,950.0,7,1,1,10_DEC_24,S01_Beh_10_DEC_24
MET001,2949.0,1311.0,8,1,1,10_DEC_24,S01_Beh_10_DEC_24
MET001,1804.0,931.0,9,1,1,10_DEC_24,S01_Beh_10_DEC_24
MET001,2559.0,888.0,10,1,1,10_DEC_24,S01_Beh_10_DEC_24
MET001,2461.0,1021.0,11,1,1,10_DEC_24,S01_Beh_10_DEC_24
MET002,1562.0,988.0,1,1,1,10_DEC_24,S02_Beh_10_DEC_24
MET002,1896.0,800.0,2,1,1,10_DEC_24,S02_Beh_10_DEC_24
MET002,1732.0,915.0,3,1,1,10_DEC_24,S02_Beh_10_DEC_24
MET002,1926.0,875.0,4,1,1,10_DEC_24,S02_Beh_10_DEC_24
MET002,2399.0,788.0,5,1,1,10_DEC_24,S02_Beh_10_DEC_24
MET002,1617.0,992.0,6,1,1,10_DEC_24,S02_Beh_10_DEC_24
MET002,1842.0,802.0,7,1,1,10_DEC_24,S02_Beh_10_DEC_24
MET002,1895.0,822.0,8,1,1,10_DEC_24,S02_Beh_10_DEC_24
MET002,2232.0,678.0,9,1,1,10_DEC_24,S02_Beh_10_DEC_24
MET002,1872.0,821.0,10,1,1,10_DEC_24,S02_Beh_10_DEC_24
MET002,2162.0,888.0,1,2,1,01_APR_25,S02b_Beh_01_APR_25
MET002,1823.0,774.0,2,2,1,01_APR_25,S02b_Beh_01_APR_25
MET002,1787.0,957.0,3,2,1,01_APR_25,S02b_Beh_01_APR_25
MET002,1706.0,672.0,4,2,1,01_APR_25,S02b_Beh_01_APR_25
MET002,1947.0,751.0,5,2,1,01_APR_25,S02b_Beh_01_APR_25
MET002,2390.0,1030.0,6,2,1,01_APR_25,S02b_Beh_01_APR_25
MET002,2155.0,816.0,7,2,1,01_APR_25,S02b_Beh_01_APR_25
MET002,2264.0,904.0,8,2,1,01_APR_25,S02b_Beh_01_APR_25
MET002,2221.0,907.0,9,2,1,01_APR_25,S02b_Beh_01_APR_25
MET002,1701.0,553.0,10,2,1,01_APR_25,S02b_Beh_01_APR_25
MET003,1822.0,836.0,1,1,1,11_DEC_24,S03_Beh_11_DEC_24
MET003,2113.0,804.0,2,1,1,11_DEC_24,S03_Beh_11_DEC_24
MET003,1816.0,922.0,3,1,1,11_DEC_24,S03_Beh_11_DEC_24
MET003,1860.0,756.0,4,1,1,11_DEC_24,S03_Beh_11_DEC_24
MET003,2113.0,884.0,5,1,1,11_DEC_24,S03_Beh_11_DEC_24
MET003,2099.0,972.0,6,1,1,11_DEC_24,S03_Beh_11_DEC_24
MET003,1986.0,701.0,7,1,1,11_DEC_24,S03_Beh_11_DEC_24
MET003,1700.0,701.0,8,1,1,11_DEC_24,S03_Beh_11_DEC_24
MET003,1860.0,950.0,9,1,1,11_DEC_24,S03_Beh_11_DEC_24
MET003,1948.0,696.0,10,1,1,11_DEC_24,S03_Beh_11_DEC_24
MET003,2135.0,936.0,1,2,1,31_MAR_25,S03b_Beh_31_MAR_25
MET003,1810.0,836.0,2,2,1,31_MAR_25,S03b_Beh_31_MAR_25
MET003,2029.0,710.0,3,2,1,31_MAR_25,S03b_Beh_31_MAR_25
MET003,1944.0,777.0,4,2,1,31_MAR_25,S03b_Beh_31_MAR_25
MET003,1943.0,878.0,5,2,1,31_MAR_25,S03b_Beh_31_MAR_25
MET003,2201.0,795.0,6,2,1,31_MAR_25,S03b_Beh_31_MAR_25
MET003,2105.0,931.0,7,2,1,31_MAR_25,S03b_Beh_31_MAR_25
MET003,1571.0,540.0,8,2,1,31_MAR_25,S03b_Beh_31_MAR_25
MET003,1768.0,716.0,9,2,1,31_MAR_25,S03b_Beh_31_MAR_25
MET003,1934.0,951.0,10,2,1,31_MAR_25,S03b_Beh_31_MAR_25
MET003,2034.0,796.0,11,2,1,31_MAR_25,S03b_Beh_31_MAR_25
MET003,1975.0,902.0,12,2,1,31_MAR_25,S03b_Beh_31_MAR_25
MET003,1829.0,656.0,13,2,1,31_MAR_25,S03b_Beh_31_MAR_25
MET004,1977.0,739.0,1,1,1,12_DEC_24,S04_Beh_12_DEC_24
MET004,1869.0,889.0,2,1,1,12_DEC_24,S04_Beh_12_DEC_24
MET004,1795.0,918.0,3,1,1,12_DEC_24,S04_Beh_12_DEC_24
MET004,1781.0,918.0,4,1,1,12_DEC_24,S04_Beh_12_DEC_24
MET004,1379.0,1225.0,5,1,1,12_DEC_24,S04_Beh_12_DEC_24
MET004,1658.0,1026.0,6,1,1,12_DEC_24,S04_Beh_12_DEC_24
MET004,1844.0,871.0,7,1,1,12_DEC_24,S04_Beh_12_DEC_24
MET004,1905.0,807.0,8,1,1,12_DEC_24,S04_Beh_12_DEC_24
MET004,1976.0,827.0,9,1,1,12_DEC_24,S04_Beh_12_DEC_24
MET004,1891.0,793.0,10,1,1,12_DEC_24,S04_Beh_12_DEC_24
MET004,2070.0,744.0,1,2,1,01_APR_25,MET004b_01_APR_25
MET004,2021.0,852.0,2,2,1,01_APR_25,MET004b_01_APR_25
MET004,1848.0,922.0,3,2,1,01_APR_25,MET004b_01_APR_25
MET004,1891.0,835.0,4,2,1,01_APR_25,MET004b_01_APR_25
MET004,1930.0,785.0,5,2,1,01_APR_25,MET004b_01_APR_25
MET004,1943.0,939.0,6,2,1,01_APR_25,MET004b_01_APR_25
MET004,2059.0,673.0,7,2,1,01_APR_25,MET004b_01_APR_25
MET004,1827.0,849.0,8,2,1,01_APR_25,MET004b_01_APR_25
MET004,1829.0,834.0,9,2,1,01_APR_25,MET004b_01_APR_25
MET004,1836.0,876.0,10,2,1,01_APR_25,MET004b_01_APR_25
MET004,1979.0,760.0,11,2,1,01_APR_25,MET004b_01_APR_25
MET004,1944.0,775.0,12,2,1,01_APR_25,MET004b_01_APR_25
MET004,1930.0,795.0,13,2,1,01_APR_25,MET004b_01_APR_25
MET004,2001.0,807.0,14,2,1,01_APR_25,MET004b_01_APR_25
MET004,1738.0,925.0,15,2,1,01_APR_25,MET004b_01_APR_25
MET005,2525.0,871.0,1,1,1,12_DEC_24,S05_Beh_12_DEC_24
MET005,1895.0,912.0,2,1,1,12_DEC_24,S05_Beh_12_DEC_24
MET005,1983.0,825.0,3,1,1,12_DEC_24,S05_Beh_12_DEC_24
MET005,2346.0,946.0,4,1,1,12_DEC_24,S05_Beh_12_DEC_24
MET005,2272.0,918.0,5,1,1,12_DEC_24,S05_Beh_12_DEC_24
MET005,2068.0,907.0,6,1,1,12_DEC_24,S05_Beh_12_DEC_24
MET005,1936.0,743.0,7,1,1,12_DEC_24,S05_Beh_12_DEC_24
MET005,2049.0,719.0,8,1,1,12_DEC_24,S05_Beh_12_DEC_24
MET005,1979.0,770.0,9,1,1,12_DEC_24,S05_Beh_12_DEC_24
MET005,2307.0,825.0,10,1,1,12_DEC_24,S05_Beh_12_DEC_24
MET006,1961.0,818.0,1,1,1,13_DEC_24,S06_Beh_13_DEC_24
MET006,1669.0,915.0,2,1,1,13_DEC_24,S06_Beh_13_DEC_24
MET006,2020.0,832.0,3,1,1,13_DEC_24,S06_Beh_13_DEC_24
MET006,2172.0,755.0,4,1,1,13_DEC_24,S06_Beh_13_DEC_24
MET006,2178.0,769.0,5,1,1,13_DEC_24,S06_Beh_13_DEC_24
MET006,2446.0,825.0,6,1,1,13_DEC_24,S06_Beh_13_DEC_24
MET006,1794.0,818.0,7,1,1,13_DEC_24,S06_Beh_13_DEC_24
MET006,1967.0,766.0,8,1,1,13_DEC_24,S06_Beh_13_DEC_24
MET006,1809.0,885.0,9,1,1,13_DEC_24,S06_Beh_13_DEC_24
MET006,2770.0,1034.0,10,1,1,13_DEC_24,S06_Beh_13_DEC_24
MET006,2244.0,945.0,1,2,1,19_MAR_25,S06b_Beh_Se2_19_MAR_25
MET006,1741.0,567.0,2,2,1,19_MAR_25,S06b_Beh_Se2_19_MAR_25
MET006,1863.0,774.0,3,2,1,19_MAR_25,S06b_Beh_Se2_19_MAR_25
MET006,2112.0,984.0,4,2,1,19_MAR_25,S06b_Beh_Se2_19_MAR_25
MET006,1740.0,945.0,5,2,1,19_MAR_25,S06b_Beh_Se2_19_MAR_25
MET006,2153.0,1126.0,6,2,1,19_MAR_25,S06b_Beh_Se2_19_MAR_25
MET006,1784.0,845.0,7,2,1,19_MAR_25,S06b_Beh_Se2_19_MAR_25
MET006,2661.0,1058.0,8,2,1,19_MAR_25,S06b_Beh_Se2_19_MAR_25
MET006,2146.0,830.0,9,2,1,19_MAR_25,S06b_Beh_Se2_19_MAR_25
MET006,2373.0,1213.0,10,2,1,19_MAR_25,S06b_Beh_Se2_19_MAR_25
MET006,2030.0,903.0,11,2,1,19_MAR_25,S06b_Beh_Se2_19_MAR_25
MET006,1867.0,781.0,12,2,1,19_MAR_25,S06b_Beh_Se2_19_MAR_25
MET006,1911.0,824.0,13,2,1,19_MAR_25,S06b_Beh_Se2_19_MAR_25
MET007,2581.0,922.0,1,1,1,16_DEC_24,S07_Beh_16_DEC_24
MET007,1691.0,776.0,2,1,1,16_DEC_24,S07_Beh_16_DEC_24
MET007,2439.0,1221.0,3,1,1,16_DEC_24,S07_Beh_16_DEC_24
MET007,2642.0,1330.0,4,1,1,16_DEC_24,S07_Beh_16_DEC_24
MET007,1644.0,1137.0,5,1,1,16_DEC_24,S07_Beh_16_DEC_24
MET007,1353.0,1035.0,6,1,1,16_DEC_24,S07_Beh_16_DEC_24
MET007,2012.0,1156.0,7,1,1,16_DEC_24,S07_Beh_16_DEC_24
MET007,2376.0,1586.0,8,1,1,16_DEC_24,S07_Beh_16_DEC_24
MET007,1816.0,810.0,9,1,1,16_DEC_24,S07_Beh_16_DEC_24
MET007,1071.0,706.0,10,1,1,16_DEC_24,S07_Beh_16_DEC_24
MET007,2361.0,802.0,1,2,1,19_MAR_25,S07b_Beh_Se2_19_MAR_25
MET007,2176.0,936.0,2,2,1,19_MAR_25,S07b_Beh_Se2_19_MAR_25
MET007,1202.0,1101.0,3,2,1,19_MAR_25,S07b_Beh_Se2_19_MAR_25
MET007,1505.0,1101.0,4,2,1,19_MAR_25,S07b_Beh_Se2_19_MAR_25
MET007,2090.0,1006.0,5,2,1,19_MAR_25,S07b_Beh_Se2_19_MAR_25
MET007,1662.0,770.0,6,2,1,19_MAR_25,S07b_Beh_Se2_19_MAR_25
MET007,1744.0,920.0,7,2,1,19_MAR_25,S07b_Beh_Se2_19_MAR_25
MET007,1539.0,968.0,8,2,1,19_MAR_25,S07b_Beh_Se2_19_MAR_25
MET007,1977.0,707.0,9,2,1,19_MAR_25,S07b_Beh_Se2_19_MAR_25
MET007,2047.0,616.0,10,2,1,19_MAR_25,S07b_Beh_Se2_19_MAR_25
MET008,1886.0,820.0,1,1,1,16_DEC_24,S08_Beh_16_DEC_24
MET008,1597.0,635.0,2,1,1,16_DEC_24,S08_Beh_16_DEC_24
MET008,2440.0,1066.0,3,1,1,16_DEC_24,S08_Beh_16_DEC_24
MET008,2103.0,1017.0,4,1,1,16_DEC_24,S08_Beh_16_DEC_24
MET008,2131.0,881.0,5,1,1,16_DEC_24,S08_Beh_16_DEC_24
MET008,1787.0,760.0,6,1,1,16_DEC_24,S08_Beh_16_DEC_24
MET008,2329.0,892.0,7,1,1,16_DEC_24,S08_Beh_16_DEC_24
MET008,2755.0,983.0,8,1,1,16_DEC_24,S08_Beh_16_DEC_24
MET008,1471.0,668.0,9,1,1,16_DEC_24,S08_Beh_16_DEC_24
MET008,1895.0,803.0,10,1,1,16_DEC_24,S08_Beh_16_DEC_24
MET008,2319.0,886.0,1,2,1,25_MAR_25,S08b_Beh_Se2_25_MAR_25
MET008,1751.0,800.0,2,2,1,25_MAR_25,S08b_Beh_Se2_25_MAR_25
MET008,1354.0,614.0,3,2,1,25_MAR_25,S08b_Beh_Se2_25_MAR_25
MET008,1949.0,759.0,4,2,1,25_MAR_25,S08b_Beh_Se2_25_MAR_25
MET008,1809.0,779.0,5,2,1,25_MAR_25,S08b_Beh_Se2_25_MAR_25
MET008,1814.0,698.0,6,2,1,25_MAR_25,S08b_Beh_Se2_25_MAR_25
MET008,2365.0,1039.0,7,2,1,25_MAR_25,S08b_Beh_Se2_25_MAR_25
MET008,1979.0,701.0,8,2,1,25_MAR_25,S08b_Beh_Se2_25_MAR_25
MET008,1741.0,725.0,9,2,1,25_MAR_25,S08b_Beh_Se2_25_MAR_25
MET008,2574.0,973.0,10,2,1,25_MAR_25,S08b_Beh_Se2_25_MAR_25
MET008,1699.0,684.0,11,2,1,25_MAR_25,S08b_Beh_Se2_25_MAR_25
MET009,1474.0,917.0,1,1,1,17_DEC_24,S09_Beh_17_DEC_24
MET009,2055.0,1124.0,2,1,1,17_DEC_24,S09_Beh_17_DEC_24
MET009,2352.0,1253.0,3,1,1,17_DEC_24,S09_Beh_17_DEC_24
MET009,2269.0,1190.0,4,1,1,17_DEC_24,S09_Beh_17_DEC_24
MET009,1791.0,1286.0,5,1,1,17_DEC_24,S09_Beh_17_DEC_24
MET009,2149.0,971.0,6,1,1,17_DEC_24,S09_Beh_17_DEC_24
MET009,2017.0,1130.0,7,1,1,17_DEC_24,S09_Beh_17_DEC_24
MET009,1641.0,961.0,8,1,1,17_DEC_24,S09_Beh_17_DEC_24
MET009,1628.0,793.0,9,1,1,17_DEC_24,S09_Beh_17_DEC_24
MET009,1798.0,831.0,10,1,1,17_DEC_24,S09_Beh_17_DEC_24
MET010,2043.0,836.0,1,1,1,19_DEC_24,S10_Beh_19_DEC_24
MET010,1835.0,849.0,2,1,1,19_DEC_24,S10_Beh_19_DEC_24
MET010,2811.0,1061.0,3,1,1,19_DEC_24,S10_Beh_19_DEC_24
MET010,1844.0,700.0,4,1,1,19_DEC_24,S10_Beh_19_DEC_24
MET010,2085.0,645.0,5,1,1,19_DEC_24,S10_Beh_19_DEC_24
MET010,1986.0,779.0,6,1,1,19_DEC_24,S10_Beh_19_DEC_24
MET010,2122.0,793.0,7,1,1,19_DEC_24,S10_Beh_19_DEC_24
MET010,2515.0,981.0,8,1,1,19_DEC_24,S10_Beh_19_DEC_24
MET010,2191.0,816.0,9,1,1,19_DEC_24,S10_Beh_19_DEC_24
MET010,1756.0,674.0,10,1,1,19_DEC_24,S10_Beh_19_DEC_24
MET010,1948.0,760.0,1,2,1,02_APR_25,S10b_Beh_02APR25
MET010,2296.0,894.0,2,2,1,02_APR_25,S10b_Beh_02APR25
MET010,2251.0,809.0,3,2,1,02_APR_25,S10b_Beh_02APR25
MET010,1958.0,714.0,4,2,1,02_APR_25,S10b_Beh_02APR25
MET010,1704.0,696.0,5,2,1,02_APR_25,S10b_Beh_02APR25
MET010,1715.0,624.0,6,2,1,02_APR_25,S10b_Beh_02APR25
MET010,1188.0,458.0,7,2,1,02_APR_25,S10b_Beh_02APR25
MET010,1832.0,617.0,8,2,1,02_APR_25,S10b_Beh_02APR25
MET010,1907.0,704.0,9,2,1,02_APR_25,S10b_Beh_02APR25
MET010,1138.0,491.0,10,2,1,02_APR_25,S10b_Beh_02APR25
MET010,2295.0,820.0,11,2,1,02_APR_25,S10b_Beh_02APR25
MET010,1683.0,638.0,12,2,1,02_APR_25,S10b_Beh_02APR25
MET010,1832.0,637.0,13,2,1,02_APR_25,S10b_Beh_02APR25
MET010,1505.0,553.0,14,2,1,02_APR_25,S10b_Beh_02APR25
MET011,2056.0,601.0,1,1,1,19_DEC_24,S11_Beh_19_DEC_24
MET011,2214.0,666.0,2,1,1,19_DEC_24,S11_Beh_19_DEC_24
MET011,2053.0,940.0,3,1,1,19_DEC_24,S11_Beh_19_DEC_24
MET011,2012.0,786.0,4,1,1,19_DEC_24,S11_Beh_19_DEC_24
MET011,2053.0,817.0,5,1,1,19_DEC_24,S11_Beh_19_DEC_24
MET011,1621.0,902.0,6,1,1,19_DEC_24,S11_Beh_19_DEC_24
MET011,2802.0,1210.0,7,1,1,19_DEC_24,S11_Beh_19_DEC_24
MET011,1879.0,879.0,8,1,1,19_DEC_24,S11_Beh_19_DEC_24
MET011,1646.0,694.0,9,1,1,19_DEC_24,S11_Beh_19_DEC_24
MET011,1713.0,824.0,10,1,1,19_DEC_24,S11_Beh_19_DEC_24
MET011,1338.0,835.0,1,2,1,01_APR_25,S11b_Beh_01_APR_25
MET011,1701.0,624.0,2,2,1,01_APR_25,S11b_Beh_01_APR_25
MET011,1771.0,458.0,3,2,1,01_APR_25,S11b_Beh_01_APR_25
MET011,1817.0,617.0,4,2,1,01_APR_25,S11b_Beh_01_APR_25
MET011,1352.0,736.0,5,2,1,01_APR_25,S11b_Beh_01_APR_25
MET011,1819.0,566.0,6,2,1,01_APR_25,S11b_Beh_01_APR_25
MET011,1719.0,1036.0,7,2,1,01_APR_25,S11b_Beh_01_APR_25
MET011,1229.0,750.0,8,2,1,01_APR_25,S11b_Beh_01_APR_25
MET011,1384.0,820.0,9,2,1,01_APR_25,S11b_Beh_01_APR_25
MET011,1182.0,397.0,10,2,1,01_APR_25,S11b_Beh_01_APR_25
MET011,1220.0,570.0,11,2,1,01_APR_25,S11b_Beh_01_APR_25
MET011,1597.0,554.0,12,2,1,01_APR_25,S11b_Beh_01_APR_25
MET012,2159.0,814.0,1,1,1,23_DEC_24,S12_Beh_23_DEC_24
MET012,2547.0,979.0,2,1,1,23_DEC_24,S12_Beh_23_DEC_24
MET012,2531.0,1160.0,3,1,1,23_DEC_24,S12_Beh_23_DEC_24
MET012,1927.0,816.0,4,1,1,23_DEC_24,S12_Beh_23_DEC_24
MET012,1891.0,825.0,5,1,1,23_DEC_24,S12_Beh_23_DEC_24
MET012,2107.0,805.0,6,1,1,23_DEC_24,S12_Beh_23_DEC_24
MET012,1825.0,850.0,7,1,1,23_DEC_24,S12_Beh_23_DEC_24
MET012,2116.0,722.0,8,1,1,23_DEC_24,S12_Beh_23_DEC_24
MET012,2434.0,865.0,9,1,1,23_DEC_24,S12_Beh_23_DEC_24
MET013,1841.0,927.0,1,1,1,19_DEC_24,S13_Beh_19_DEC_24
MET013,1915.0,1013.0,2,1,1,19_DEC_24,S13_Beh_19_DEC_24
MET013,2631.0,457.0,3,1,1,19_DEC_24,S13_Beh_19_DEC_24
MET013,1741.0,810.0,4,1,1,19_DEC_24,S13_Beh_19_DEC_24
MET013,1690.0,895.0,5,1,1,19_DEC_24,S13_Beh_19_DEC_24
MET013,1606.0,1002.0,6,1,1,19_DEC_24,S13_Beh_19_DEC_24
MET013,2044.0,682.0,7,1,1,19_DEC_24,S13_Beh_19_DEC_24
MET013,1696.0,899.0,8,1,1,19_DEC_24,S13_Beh_19_DEC_24
MET013,1817.0,965.0,9,1,1,19_DEC_24,S13_Beh_19_DEC_24
MET013,1951.0,845.0,10,1,1,19_DEC_24,S13_Beh_19_DEC_24
MET014,2106.0,902.0,1,1,1,06_JAN_25,S14_Beh_06_JAN_25
MET014,1756.0,734.0,2,1,1,06_JAN_25,S14_Beh_06_JAN_25
MET014,1965.0,679.0,3,1,1,06_JAN_25,S14_Beh_06_JAN_25
MET014,1533.0,937.0,4,1,1,06_JAN_25,S14_Beh_06_JAN_25
MET014,2549.0,1154.0,5,1,1,06_JAN_25,S14_Beh_06_JAN_25
MET014,1869.0,816.0,6,1,1,06_JAN_25,S14_Beh_06_JAN_25
MET014,1918.0,748.0,7,1,1,06_JAN_25,S14_Beh_06_JAN_25
MET014,2043.0,811.0,8,1,1,06_JAN_25,S14_Beh_06_JAN_25
MET014,1970.0,890.0,9,1,1,06_JAN_25,S14_Beh_06_JAN_25
MET014,1998.0,841.0,10,1,1,06_JAN_25,S14_Beh_06_JAN_25
MET015,1835.0,950.0,1,1,2,19_FEB_25,S15_Beh_19_FEB_25CVD
MET015,1312.0,1290.0,2,1,2,19_FEB_25,S15_Beh_19_FEB_25CVD
MET015,1671.0,960.0,3,1,2,19_FEB_25,S15_Beh_19_FEB_25CVD
MET015,1587.0,1028.0,4,1,2,19_FEB_25,S15_Beh_19_FEB_25CVD
MET015,1962.0,837.0,5,1,2,19_FEB_25,S15_Beh_19_FEB_25CVD
MET015,1271.0,1269.0,6,1,2,19_FEB_25,S15_Beh_19_FEB_25CVD
MET015,1499.0,1183.0,7,1,2,19_FEB_25,S15_Beh_19_FEB_25CVD
MET015,1281.0,1328.0,8,1,2,19_FEB_25,S15_Beh_19_FEB_25CVD
MET015,1190.0,1278.0,9,1,2,19_FEB_25,S15_Beh_19_FEB_25CVD
MET015,1049.0,1435.0,10,1,2,19_FEB_25,S15_Beh_19_FEB_25CVD
MET015,1458.0,1259.0,11,1,2,19_FEB_25,S15_Beh_19_FEB_25CVD
MET015,1682.0,1009.0,12,1,2,19_FEB_25,S15_Beh_19_FEB_25CVD
MET015,1703.0,1005.0,13,1,2,19_FEB_25,S15_Beh_19_FEB_25CVD
MET015,1174.0,1334.0,14,1,2,19_FEB_25,S15_Beh_19_FEB_25CVD
MET015,1400.0,1218.0,15,1,2,19_FEB_25,S15_Beh_19_FEB_25CVD
MET015,1743.0,1011.0,1,2,2,07_MAR_25,S15b_Beh_Se2_07_MAR_25CVD
MET015,1284.0,1212.0,2,2,2,07_MAR_25,S15b_Beh_Se2_07_MAR_25CVD
MET015,1590.0,978.0,3,2,2,07_MAR_25,S15b_Beh_Se2_07_MAR_25CVD
MET015,1712.0,971.0,4,2,2,07_MAR_25,S15b_Beh_Se2_07_MAR_25CVD
MET015,1709.0,947.0,5,2,2,07_MAR_25,S15b_Beh_Se2_07_MAR_25CVD
MET015,1162.0,1308.0,6,2,2,07_MAR_25,S15b_Beh_Se2_07_MAR_25CVD
MET015,1170.0,1394.0,7,2,2,07_MAR_25,S15b_Beh_Se2_07_MAR_25CVD
MET015,1194.0,1459.0,8,2,2,07_MAR_25,S15b_Beh_Se2_07_MAR_25CVD
MET015,1493.0,1183.0,9,2,2,07_MAR_25,S15b_Beh_Se2_07_MAR_25CVD
MET016,98.0,890.0,1,1,2,11_Mar_25,S16_Beh_11_Mar_25CVD
MET016,652.0,848.0,2,1,2,11_Mar_25,S16_Beh_11_Mar_25CVD
MET016,2999.0,616.0,3,1,2,11_Mar_25,S16_Beh_11_Mar_25CVD
MET016,117.0,930.0,4,1,2,11_Mar_25,S16_Beh_11_Mar_25CVD
MET016,34.0,939.0,5,1,2,11_Mar_25,S16_Beh_11_Mar_25CVD
MET016,1310.0,820.0,6,1,2,11_Mar_25,S16_Beh_11_Mar_25CVD
MET016,2077.0,739.0,7,1,2,11_Mar_25,S16_Beh_11_Mar_25CVD
MET016,1019.0,845.0,8,1,2,11_Mar_25,S16_Beh_11_Mar_25CVD
MET016,1913.0,754.0,9,1,2,11_Mar_25,S16_Beh_11_Mar_25CVD
MET016,1315.0,803.0,10,1,2,11_Mar_25,S16_Beh_11_Mar_25CVD
MET016,410.0,878.0,11,1,2,11_Mar_25,S16_Beh_11_Mar_25CVD
MET016,2905.0,679.0,12,1,2,11_Mar_25,S16_Beh_11_Mar_25CVD
MET016,2493.0,672.0,13,1,2,11_Mar_25,S16_Beh_11_Mar_25CVD
MET016,1171.0,855.0,14,1,2,11_Mar_25,S16_Beh_11_Mar_25CVD
MET016,2405.0,655.0,15,1,2,11_Mar_25,S16_Beh_11_Mar_25CVD
MET016,418.0,1041.0,1,2,2,18_Mar_25,S16b_Beh_Se2_18_Mar_25CVD
MET016,450.0,1072.0,2,2,2,18_Mar_25,S16b_Beh_Se2_18_Mar_25CVD
MET016,1307.0,828.0,3,2,2,18_Mar_25,S16b_Beh_Se2_18_Mar_25CVD
MET016,2255.0,716.0,4,2,2,18_Mar_25,S16b_Beh_Se2_18_Mar_25CVD
MET016,2231.0,747.0,5,2,2,18_Mar_25,S16b_Beh_Se2_18_Mar_25CVD
MET016,2047.0,825.0,6,2,2,18_Mar_25,S16b_Beh_Se2_18_Mar_25CVD
MET016,2956.0,721.0,7,2,2,18_Mar_25,S16b_Beh_Se2_18_Mar_25CVD
MET016,2839.0,679.0,8,2,2,18_Mar_25,S16b_Beh_Se2_18_Mar_25CVD
MET016,1655.0,809.0,9,2,2,18_Mar_25,S16b_Beh_Se2_18_Mar_25CVD
MET016,2713.0,698.0,10,2,2,18_Mar_25,S16b_Beh_Se2_18_Mar_25CVD
MET016,94.0,970.0,1,3,2,25_Mar_25,S16c_Beh_Se3_25_Mar_25CVD
MET016,2351.0,813.0,2,3,2,25_Mar_25,S16c_Beh_Se3_25_Mar_25CVD
MET016,2351.0,712.0,3,3,2,25_Mar_25,S16c_Beh_Se3_25_Mar_25CVD
MET016,1029.0,950.0,4,3,2,25_Mar_25,S16c_Beh_Se3_25_Mar_25CVD
MET016,1845.0,742.0,5,3,2,25_Mar_25,S16c_Beh_Se3_25_Mar_25CVD
MET016,2207.0,759.0,6,3,2,25_Mar_25,S16c_Beh_Se3_25_Mar_25CVD
MET016,1411.0,858.0,7,3,2,25_Mar_25,S16c_Beh_Se3_25_Mar_25CVD
MET016,1042.0,862.0,8,3,2,25_Mar_25,S16c_Beh_Se3_25_Mar_25CVD
MET016,2389.0,691.0,9,3,2,25_Mar_25,S16c_Beh_Se3_25_Mar_25CVD
MET016,1552.0,841.0,10,3,2,25_Mar_25,S16c_Beh_Se3_25_Mar_25CVD
MET016,1351.0,810.0,11,3,2,25_Mar_25,S16c_Beh_Se3_25_Mar_25CVD
MET016,2377.0,756.0,12,3,2,25_Mar_25,S16c_Beh_Se3_25_Mar_25CVD
MET016,337.0,814.0,13,3,2,25_Mar_25,S16c_Beh_Se3_25_Mar_25CVD
MET016,869.0,929.0,14,3,2,25_Mar_25,S16c_Beh_Se3_25_Mar_25CVD
MET016,2352.0,671.0,15,3,2,25_Mar_25,S16c_Beh_Se3_25_Mar_25CVD
MET017,2999.0,620.0,1,1,2,27_Mar_25,S17_Beh_27_Mar_25CVD
MET017,2776.0,768.0,2,1,2,27_Mar_25,S17_Beh_27_Mar_25CVD
MET017,2773.0,531.0,3,1,2,27_Mar_25,S17_Beh_27_Mar_25CVD
MET017,2506.0,986.0,4,1,2,27_Mar_25,S17_Beh_27_Mar_25CVD
MET017,2493.0,706.0,5,1,2,27_Mar_25,S17_Beh_27_Mar_25CVD
MET017,2999.0,711.0,6,1,2,27_Mar_25,S17_Beh_27_Mar_25CVD
MET017,2999.0,594.0,7,1,2,27_Mar_25,S17_Beh_27_Mar_25CVD
MET017,931.0,937.0,8,1,2,27_Mar_25,S17_Beh_27_Mar_25CVD
MET017,1624.0,889.0,9,1,2,27_Mar_25,S17_Beh_27_Mar_25CVD
MET017,2950.0,603.0,10,1,2,27_Mar_25,S17_Beh_27_Mar_25CVD
MET017,2999.0,654.0,11,1,2,27_Mar_25,S17_Beh_27_Mar_25CVD
MET017,2283.0,802.0,12,1,2,27_Mar_25,S17_Beh_27_Mar_25CVD
MET017,2999.0,787.0,13,1,2,27_Mar_25,S17_Beh_27_Mar_25CVD
MET017,2999.0,657.0,14,1,2,27_Mar_25,S17_Beh_27_Mar_25CVD
MET017,2999.0,625.0,15,1,2,27_Mar_25,S17_Beh_27_Mar_25CVD
MET017,2999.0,725.0,16,1,2,27_Mar_25,S17_Beh_27_Mar_25CVD
MET017,2648.0,640.0,17,1,2,27_Mar_25,S17_Beh_27_Mar_25CVD
MET017,2639.0,712.0,18,1,2,27_Mar_25,S17_Beh_27_Mar_25CVD
MET017,2999.0,707.0,19,1,2,27_Mar_25,S17_Beh_27_Mar_25CVD
MET017,2999.0,576.0,20,1,2,27_Mar_25,S17_Beh_27_Mar_25CVD
MET017,587.0,954.0,1,2,2,03_APR_25,S17b_Beh_03_APR_25CVD
MET017,1338.0,799.0,2,2,2,03_APR_25,S17b_Beh_03_APR_25CVD
MET017,2758.0,416.0,3,2,2,03_APR_25,S17b_Beh_03_APR_25CVD
MET017,675.0,891.0,4,2,2,03_APR_25,S17b_Beh_03_APR_25CVD
MET017,2846.0,604.0,5,2,2,03_APR_25,S17b_Beh_03_APR_25CVD
MET017,552.0,897.0,6,2,2,03_APR_25,S17b_Beh_03_APR_25CVD
MET017,2639.0,617.0,7,2,2,03_APR_25,S17b_Beh_03_APR_25CVD
MET017,278.0,1062.0,8,2,2,03_APR_25,S17b_Beh_03_APR_25CVD
MET017,2355.0,704.0,9,2,2,03_APR_25,S17b_Beh_03_APR_25CVD
MET017,2659.0,558.0,10,2,2,03_APR_25,S17b_Beh_03_APR_25CVD
MET017,1253.0,703.0,11,2,2,03_APR_25,S17b_Beh_03_APR_25CVD
MET017,1922.0,945.0,12,2,2,03_APR_25,S17b_Beh_03_APR_25CVD
MET017,1210.0,775.0,13,2,2,03_APR_25,S17b_Beh_03_APR_25CVD
MET017,2886.0,553.0,14,2,2,03_APR_25,S17b_Beh_03_APR_25CVD
MET017,844.0,916.0,15,2,2,03_APR_25,S17b_Beh_03_APR_25CVD
MET017,991.0,1030.0,16,2,2,03_APR_25,S17b_Beh_03_APR_25CVD
MET017,407.0,958.0,17,2,2,03_APR_25,S17b_Beh_03_APR_25CVD
MET017,810.0,820.0,18,2,2,03_APR_25,S17b_Beh_03_APR_25CVD
MET017,1220.0,1148.0,19,2,2,03_APR_25,S17b_Beh_03_APR_25CVD
MET018,2955.0,1408.0,1,1,1,02_APR_25,S18_Beh_02_APR_25
MET018,1736.0,840.0,2,1,1,02_APR_25,S18_Beh_02_APR_25
MET018,1866.0,890.0,3,1,1,02_APR_25,S18_Beh_02_APR_25
MET018,1716.0,624.0,4,1,1,02_APR_25,S18_Beh_02_APR_25
MET018,1392.0,617.0,5,1,1,02_APR_25,S18_Beh_02_APR_25
MET018,1368.0,396.0,6,1,1,02_APR_25,S18_Beh_02_APR_25
MET018,1214.0,563.0,7,1,1,02_APR_25,S18_Beh_02_APR_25
MET018,1235.0,704.0,8,1,1,02_APR_25,S18_Beh_02_APR_25
MET018,2537.0,1036.0,9,1,1,02_APR_25,S18_Beh_02_APR_25
MET018,867.0,401.0,10,1,1,02_APR_25,S18_Beh_02_APR_25
MET018,1802.0,554.0,11,1,1,02_APR_25,S18_Beh_02_APR_25
MET018,1554.0,489.0,12,1,1,02_APR_25,S18_Beh_02_APR_25
MET018,375.0,938.0,13,1,1,02_APR_25,S18_Beh_02_APR_25
MET018,2159.0,698.0,14,1,1,02_APR_25,S18_Beh_02_APR_25
MET018,1762.0,553.0,15,1,1,02_APR_25,S18_Beh_02_APR_25
MET019,1618.0,740.0,1,1,4,10_APR_25,S19_Beh_10_APR_25
MET019,1636.0,777.0,2,1,4,10_APR_25,S19_Beh_10_APR_25
MET019,1352.0,921.0,3,1,4,10_APR_25,S19_Beh_10_APR_25
MET019,1539.0,647.0,4,1,4,10_APR_25,S19_Beh_10_APR_25
MET019,1697.0,894.0,5,1,4,10_APR_25,S19_Beh_10_APR_25
MET019,1653.0,834.0,6,1,4,10_APR_25,S19_Beh_10_APR_25
MET019,1689.0,884.0,7,1,4,10_APR_25,S19_Beh_10_APR_25
MET019,1677.0,1009.0,8,1,4,10_APR_25,S19_Beh_10_APR_25
MET019,1695.0,841.0,9,1,4,10_APR_25,S19_Beh_10_APR_25
MET019,1781.0,851.0,10,1,4,10_APR_25,S19_Beh_10_APR_25
MET019,1782.0,920.0,11,1,4,10_APR_25,S19_Beh_10_APR_25
MET019,1777.0,870.0,12,1,4,10_APR_25,S19_Beh_10_APR_25
MET019,1808.0,917.0,13,1,4,10_APR_25,S19_Beh_10_APR_25
MET019,1640.0,731.0,14,1,4,10_APR_25,S19_Beh_10_APR_25
MET019,1639.0,750.0,15,1,4,10_APR_25,S19_Beh_10_APR_25
MET019,1627.0,777.0,16,1,4,10_APR_25,S19_Beh_10_APR_25
MET019,1959.0,847.0,17,1,4,10_APR_25,S19_Beh_10_APR_25
MET019,1618.0,757.0,18,1,4,10_APR_25,S19_Beh_10_APR_25
MET019,1841.0,847.0,19,1,4,10_APR_25,S19_Beh_10_APR_25
MET019,1184.0,560.0,20,1,4,10_APR_25,S19_Beh_10_APR_25
MET019,1637.0,735.0,21,1,4,10_APR_25,S19_Beh_10_APR_25
MET019,1550.0,627.0,22,1,4,10_APR_25,S19_Beh_10_APR_25
MET019,1979.0,730.0,23,1,4,10_APR_25,S19_Beh_10_APR_25
MET019,1603.0,725.0,24,1,4,10_APR_25,S19_Beh_10_APR_25
MET019,1695.0,774.0,25,1,4,10_APR_25,S19_Beh_10_APR_25
MET017,2923.0,529.0,1,3,2,10_APR_25,S17c_Beh_10_APR_25CVD
MET017,428.0,939.0,2,3,2,10_APR_25,S17c_Beh_10_APR_25CVD
MET017,2844.0,578.0,3,3,2,10_APR_25,S17c_Beh_10_APR_25CVD
MET017,2615.0,801.0,4,3,2,10_APR_25,S17c_Beh_10_APR_25CVD
MET017,2116.0,743.0,5,3,2,10_APR_25,S17c_Beh_10_APR_25CVD
MET017,2697.0,682.0,6,3,2,10_APR_25,S17c_Beh_10_APR_25CVD
MET017,1531.0,932.0,7,3,2,10_APR_25,S17c_Beh_10_APR_25CVD
MET017,2285.0,588.0,8,3,2,10_APR_25,S17c_Beh_10_APR_25CVD
MET017,1595.0,826.0,9,3,2,10_APR_25,S17c_Beh_10_APR_25CVD
MET017,1464.0,840.0,10,3,2,10_APR_25,S17c_Beh_10_APR_25CVD
MET017,653.0,826.0,11,3,2,10_APR_25,S17c_Beh_10_APR_25CVD
MET017,2026.0,728.0,12,3,2,10_APR_25,S17c_Beh_10_APR_25CVD
MET017,1462.0,726.0,13,3,2,10_APR_25,S17c_Beh_10_APR_25CVD
MET017,2434.0,766.0,14,3,2,10_APR_25,S17c_Beh_10_APR_25CVD
MET017,1623.0,809.0,15,3,2,10_APR_25,S17c_Beh_10_APR_25CVD
MET017,2229.0,785.0,16,3,2,10_APR_25,S17c_Beh_10_APR_25CVD
MET017,2871.0,643.0,17,3,2,10_APR_25,S17c_Beh_10_APR_25CVD
MET017,1399.0,835.0,18,3,2,10_APR_25,S17c_Beh_10_APR_25CVD
MET017,2123.0,772.0,19,3,2,10_APR_25,S17c_Beh_10_APR_25CVD
MET017,2752.0,755.0,20,3,2,10_APR_25,S17c_Beh_10_APR_25CVD
MET018,1930.0,860.0,1,2,1,16_APR_25,S18b_Beh_16APR_25
MET018,1826.0,788.0,2,2,1,16_APR_25,S18b_Beh_16APR_25
MET018,2347.0,986.0,3,2,1,16_APR_25,S18b_Beh_16APR_25
MET018,1847.0,764.0,4,2,1,16_APR_25,S18b_Beh_16APR_25
MET018,1443.0,710.0,5,2,1,16_APR_25,S18b_Beh_16APR_25
MET018,1811.0,915.0,6,2,1,16_APR_25,S18b_Beh_16APR_25
MET018,1619.0,884.0,7,2,1,16_APR_25,S18b_Beh_16APR_25
MET018,1914.0,900.0,8,2,1,16_APR_25,S18b_Beh_16APR_25
MET018,2254.0,1040.0,9,2,1,16_APR_25,S18b_Beh_16APR_25
MET018,2091.0,920.0,10,2,1,16_APR_25,S18b_Beh_16APR_25
MET018,2093.0,1126.0,11,2,1,16_APR_25,S18b_Beh_16APR_25
MET018,1730.0,856.0,12,2,1,16_APR_25,S18b_Beh_16APR_25
MET018,1970.0,920.0,13,2,1,16_APR_25,S18b_Beh_16APR_25
MET018,2083.0,825.0,14,2,1,16_APR_25,S18b_Beh_16APR_25
MET018,1953.0,1006.0,15,2,1,16_APR_25,S18b_Beh_16APR_25
MET018,2405.0,1308.0,16,2,1,16_APR_25,S18b_Beh_16APR_25
MET018,2834.0,1265.0,17,2,1,16_APR_25,S18b_Beh_16APR_25
MET018,2197.0,916.0,18,2,1,16_APR_25,S18b_Beh_16APR_25
MET018,2055.0,1247.0,19,2,1,16_APR_25,S18b_Beh_16APR_25
MET018,2273.0,1081.0,20,2,1,16_APR_25,S18b_Beh_16APR_25
MET020,1805.0,845.0,1,1,1,16_APR_25,S20_Beh_16_APR_25
MET020,2431.0,912.0,2,1,1,16_APR_25,S20_Beh_16_APR_25
MET020,1727.0,975.0,3,1,1,16_APR_25,S20_Beh_16_APR_25
MET020,2078.0,846.0,4,1,1,16_APR_25,S20_Beh_16_APR_25
MET020,1699.0,1018.0,5,1,1,16_APR_25,S20_Beh_16_APR_25
MET020,2376.0,652.0,6,1,1,16_APR_25,S20_Beh_16_APR_25
MET020,1948.0,855.0,7,1,1,16_APR_25,S20_Beh_16_APR_25
MET020,1001.0,1349.0,8,1,1,16_APR_25,S20_Beh_16_APR_25
MET020,1358.0,1459.0,9,1,1,16_APR_25,S20_Beh_16_APR_25
MET020,1527.0,1017.0,10,1,1,16_APR_25,S20_Beh_16_APR_25
MET020,1685.0,1099.0,11,1,1,16_APR_25,S20_Beh_16_APR_25
MET020,1926.0,1032.0,12,1,1,16_APR_25,S20_Beh_16_APR_25
MET020,2067.0,958.0,13,1,1,16_APR_25,S20_Beh_16_APR_25
MET020,2588.0,756.0,14,1,1,16_APR_25,S20_Beh_16_APR_25
MET020,1855.0,981.0,15,1,1,16_APR_25,S20_Beh_16_APR_25
MET020,1756.0,1043.0,16,1,1,16_APR_25,S20_Beh_16_APR_25
MET005,2176.0,845.0,1,2,1,16_APR_25,S05b_Beh_16APR_25
MET005,2511.0,897.0,2,2,1,16_APR_25,S05b_Beh_16APR_25
MET005,1823.0,679.0,3,2,1,16_APR_25,S05b_Beh_16APR_25
MET005,2137.0,823.0,4,2,1,16_APR_25,S05b_Beh_16APR_25
MET005,2161.0,840.0,5,2,1,16_APR_25,S05b_Beh_16APR_25
MET005,2052.0,727.0,6,2,1,16_APR_25,S05b_Beh_16APR_25
MET005,2127.0,671.0,7,2,1,16_APR_25,S05b_Beh_16APR_25
MET005,2398.0,814.0,8,2,1,16_APR_25,S05b_Beh_16APR_25
MET005,2166.0,810.0,9,2,1,16_APR_25,S05b_Beh_16APR_25
MET005,1884.0,744.0,10,2,1,16_APR_25,S05b_Beh_16APR_25
MET005,1990.0,733.0,11,2,1,16_APR_25,S05b_Beh_16APR_25
MET005,2536.0,882.0,12,2,1,16_APR_25,S05b_Beh_16APR_25
MET005,2622.0,863.0,13,2,1,16_APR_25,S05b_Beh_16APR_25
MET005,1966.0,789.0,14,2,1,16_APR_25,S05b_Beh_16APR_25
MET005,2289.0,869.0,15,2,1,16_APR_25,S05b_Beh_16APR_25
MET005,2204.0,849.0,16,2,1,16_APR_25,S05b_Beh_16APR_25
MET005,2337.0,751.0,17,2,1,16_APR_25,S05b_Beh_16APR_25
MET005,2451.0,860.0,18,2,1,16_APR_25,S05b_Beh_16APR_25
MET005,2255.0,882.0,19,2,1,16_APR_25,S05b_Beh_16APR_25
MET005,1872.0,887.0,20,2,1,16_APR_25,S05b_Beh_16APR_25
MET021,1452.0,695.0,1,1,1,17_APR_25,S21_Beh_17_APR_25
MET021,2096.0,840.0,2,1,1,17_APR_25,S21_Beh_17_APR_25
MET021,2327.0,969.0,3,1,1,17_APR_25,S21_Beh_17_APR_25
MET021,1912.0,863.0,4,1,1,17_APR_25,S21_Beh_17_APR_25
MET021,1726.0,847.0,5,1,1,17_APR_25,S21_Beh_17_APR_25
MET021,2122.0,793.0,6,1,1,17_APR_25,S21_Beh_17_APR_25
MET021,1908.0,780.0,7,1,1,17_APR_25,S21_Beh_17_APR_25
MET021,1895.0,671.0,8,1,1,17_APR_25,S21_Beh_17_APR_25
MET021,1863.0,839.0,9,1,1,17_APR_25,S21_Beh_17_APR_25
MET021,1730.0,840.0,10,1,1,17_APR_25,S21_Beh_17_APR_25
MET021,1889.0,833.0,11,1,1,17_APR_25,S21_Beh_17_APR_25
MET021,1958.0,925.0,12,1,1,17_APR_25,S21_Beh_17_APR_25
MET021,1441.0,782.0,13,1,1,17_APR_25,S21_Beh_17_APR_25
MET021,1548.0,708.0,14,1,1,17_APR_25,S21_Beh_17_APR_25
MET021,2507.0,644.0,15,1,1,17_APR_25,S21_Beh_17_APR_25
MET021,1741.0,947.0,16,1,1,17_APR_25,S21_Beh_17_APR_25
MET021,2462.0,757.0,17,1,1,17_APR_25,S21_Beh_17_APR_25
MET021,2433.0,805.0,18,1,1,17_APR_25,S21_Beh_17_APR_25
MET021,2205.0,1012.0,19,1,1,17_APR_25,S21_Beh_17_APR_25
MET022,2497.0,1470.0,1,1,1,17_APR_25,S22_Beh_17_APR_25
MET022,1867.0,981.0,2,1,1,17_APR_25,S22_Beh_17_APR_25
MET022,1801.0,949.0,3,1,1,17_APR_25,S22_Beh_17_APR_25
MET022,2279.0,1082.0,4,1,1,17_APR_25,S22_Beh_17_APR_25
MET022,2160.0,854.0,5,1,1,17_APR_25,S22_Beh_17_APR_25
MET022,2089.0,731.0,6,1,1,17_APR_25,S22_Beh_17_APR_25
MET022,2263.0,1213.0,7,1,1,17_APR_25,S22_Beh_17_APR_25
MET022,2070.0,1050.0,8,1,1,17_APR_25,S22_Beh_17_APR_25
MET022,2129.0,910.0,9,1,1,17_APR_25,S22_Beh_17_APR_25
MET022,1813.0,847.0,10,1,1,17_APR_25,S22_Beh_17_APR_25
MET022,2079.0,1059.0,11,1,1,17_APR_25,S22_Beh_17_APR_25
MET022,2905.0,1633.0,12,1,1,17_APR_25,S22_Beh_17_APR_25
MET022,1985.0,920.0,13,1,1,17_APR_25,S22_Beh_17_APR_25
MET022,2286.0,1422.0,14,1,1,17_APR_25,S22_Beh_17_APR_25
MET022,1878.0,1138.0,15,1,1,17_APR_25,S22_Beh_17_APR_25
MET022,1850.0,918.0,16,1,1,17_APR_25,S22_Beh_17_APR_25
MET022,2904.0,1106.0,17,1,1,17_APR_25,S22_Beh_17_APR_25
MET022,1952.0,989.0,18,1,1,17_APR_25,S22_Beh_17_APR_25
MET022,2147.0,738.0,19,1,1,17_APR_25,S22_Beh_17_APR_25
MET022,2092.0,1122.0,20,1,1,17_APR_25,S22_Beh_17_APR_25
MET023,1779.0,639.0,1,1,1,21_APR_25,S23_Beh_21_APR_25
MET023,1721.0,747.0,2,1,1,21_APR_25,S23_Beh_21_APR_25
MET023,2092.0,903.0,3,1,1,21_APR_25,S23_Beh_21_APR_25
MET023,2127.0,877.0,4,1,1,21_APR_25,S23_Beh_21_APR_25
MET023,1930.0,780.0,5,1,1,21_APR_25,S23_Beh_21_APR_25
MET023,2291.0,880.0,6,1,1,21_APR_25,S23_Beh_21_APR_25
MET023,2092.0,700.0,7,1,1,21_APR_25,S23_Beh_21_APR_25
MET023,2360.0,868.0,8,1,1,21_APR_25,S23_Beh_21_APR_25
MET023,2758.0,1081.0,9,1,1,21_APR_25,S23_Beh_21_APR_25
MET023,1862.0,784.0,10,1,1,21_APR_25,S23_Beh_21_APR_25
MET023,1647.0,809.0,11,1,1,21_APR_25,S23_Beh_21_APR_25
MET023,1671.0,639.0,12,1,1,21_APR_25,S23_Beh_21_APR_25
MET023,2107.0,918.0,13,1,1,21_APR_25,S23_Beh_21_APR_25
MET023,2078.0,736.0,14,1,1,21_APR_25,S23_Beh_21_APR_25
MET023,2377.0,998.0,15,1,1,21_APR_25,S23_Beh_21_APR_25
MET023,2343.0,821.0,16,1,1,21_APR_25,S23_Beh_21_APR_25
MET023,1960.0,840.0,17,1,1,21_APR_25,S23_Beh_21_APR_25
MET023,2298.0,941.0,18,1,1,21_APR_25,S23_Beh_21_APR_25
MET023,1296.0,461.0,19,1,1,21_APR_25,S23_Beh_21_APR_25
MET023,2489.0,950.0,20,1,1,21_APR_25,S23_Beh_21_APR_25
MET023,2327.0,828.0,21,1,1,21_APR_25,S23_Beh_21_APR_25
MET023,2881.0,1002.0,22,1,1,21_APR_25,S23_Beh_21_APR_25
MET023,1812.0,835.0,23,1,1,21_APR_25,S23_Beh_21_APR_25
MET023,2033.0,870.0,24,1,1,21_APR_25,S23_Beh_21_APR_25
MET024,1867.0,691.0,1,1,1,21_APR_25,S24_Beh_21_APR_25
MET024,1818.0,821.0,2,1,1,21_APR_25,S24_Beh_21_APR_25
MET024,1973.0,678.0,3,1,1,21_APR_25,S24_Beh_21_APR_25
MET024,2762.0,1088.0,4,1,1,21_APR_25,S24_Beh_21_APR_25
MET024,2328.0,850.0,5,1,1,21_APR_25,S24_Beh_21_APR_25
MET024,1968.0,717.0,6,1,1,21_APR_25,S24_Beh_21_APR_25
MET024,1677.0,646.0,7,1,1,21_APR_25,S24_Beh_21_APR_25
MET024,2218.0,632.0,8,1,1,21_APR_25,S24_Beh_21_APR_25
MET024,2116.0,811.0,9,1,1,21_APR_25,S24_Beh_21_APR_25
MET024,1694.0,753.0,10,1,1,21_APR_25,S24_Beh_21_APR_25
MET024,1963.0,728.0,11,1,1,21_APR_25,S24_Beh_21_APR_25
MET024,2038.0,809.0,12,1,1,21_APR_25,S24_Beh_21_APR_25
MET024,1972.0,808.0,13,1,1,21_APR_25,S24_Beh_21_APR_25
MET024,1870.0,685.0,14,1,1,21_APR_25,S24_Beh_21_APR_25
MET024,1552.0,601.0,15,1,1,21_APR_25,S24_Beh_21_APR_25
MET024,1889.0,882.0,16,1,1,21_APR_25,S24_Beh_21_APR_25
MET024,2259.0,955.0,17,1,1,21_APR_25,S24_Beh_21_APR_25
MET024,1798.0,832.0,18,1,1,21_APR_25,S24_Beh_21_APR_25
MET024,1554.0,789.0,19,1,1,21_APR_25,S24_Beh_21_APR_25
MET024,2894.0,1192.0,20,1,1,21_APR_25,S24_Beh_21_APR_25
MET024,2618.0,1056.0,21,1,1,21_APR_25,S24_Beh_21_APR_25
MET024,1817.0,577.0,22,1,1,21_APR_25,S24_Beh_21_APR_25
MET024,1968.0,782.0,23,1,1,21_APR_25,S24_Beh_21_APR_25
MET024,2033.0,747.0,24,1,1,21_APR_25,S24_Beh_21_APR_25
MET024,2574.0,928.0,25,1,1,21_APR_25,S24_Beh_21_APR_25
MET020,1533.0,734.0,1,2,1,23_APR_25,S20b_Beh_23_APR_25
MET020,1400.0,1009.0,2,2,1,23_APR_25,S20b_Beh_23_APR_25
MET020,1489.0,1124.0,3,2,1,23_APR_25,S20b_Beh_23_APR_25
MET020,1931.0,1146.0,4,2,1,23_APR_25,S20b_Beh_23_APR_25
MET020,2087.0,849.0,5,2,1,23_APR_25,S20b_Beh_23_APR_25
MET020,1885.0,924.0,6,2,1,23_APR_25,S20b_Beh_23_APR_25
MET020,1839.0,1012.0,7,2,1,23_APR_25,S20b_Beh_23_APR_25
MET020,1886.0,1038.0,8,2,1,23_APR_25,S20b_Beh_23_APR_25
MET020,2068.0,811.0,9,2,1,23_APR_25,S20b_Beh_23_APR_25
MET020,1730.0,1006.0,10,2,1,23_APR_25,S20b_Beh_23_APR_25
MET020,2044.0,961.0,11,2,1,23_APR_25,S20b_Beh_23_APR_25
MET020,1654.0,1140.0,12,2,1,23_APR_25,S20b_Beh_23_APR_25
MET020,1782.0,736.0,13,2,1,23_APR_25,S20b_Beh_23_APR_25
MET020,2148.0,762.0,14,2,1,23_APR_25,S20b_Beh_23_APR_25
MET020,1854.0,965.0,15,2,1,23_APR_25,S20b_Beh_23_APR_25
MET020,1695.0,1036.0,16,2,1,23_APR_25,S20b_Beh_23_APR_25
MET020,1554.0,894.0,17,2,1,23_APR_25,S20b_Beh_23_APR_25
MET020,2103.0,1167.0,18,2,1,23_APR_25,S20b_Beh_23_APR_25
MET020,1519.0,1226.0,19,2,1,23_APR_25,S20b_Beh_23_APR_25
MET020,2760.0,628.0,20,2,1,23_APR_25,S20b_Beh_23_APR_25
MET001,1708.0,689.0,1,2,1,23_APR_25,S01b_Beh_24_APR_25
MET001,2289.0,1094.0,2,2,1,23_APR_25,S01b_Beh_24_APR_25
MET001,1930.0,1022.0,3,2,1,23_APR_25,S01b_Beh_24_APR_25
MET001,2136.0,1081.0,4,2,1,23_APR_25,S01b_Beh_24_APR_25
MET001,1737.0,836.0,5,2,1,23_APR_25,S01b_Beh_24_APR_25
MET001,1940.0,716.0,6,2,1,23_APR_25,S01b_Beh_24_APR_25
MET001,1967.0,836.0,7,2,1,23_APR_25,S01b_Beh_24_APR_25
MET001,2077.0,1058.0,8,2,1,23_APR_25,S01b_Beh_24_APR_25
MET001,1660.0,739.0,9,2,1,23_APR_25,S01b_Beh_24_APR_25
MET001,1659.0,827.0,10,2,1,23_APR_25,S01b_Beh_24_APR_25
MET001,1522.0,683.0,11,2,1,23_APR_25,S01b_Beh_24_APR_25
MET001,1863.0,890.0,12,2,1,23_APR_25,S01b_Beh_24_APR_25
MET001,1647.0,777.0,13,2,1,23_APR_25,S01b_Beh_24_APR_25
MET001,1861.0,979.0,14,2,1,23_APR_25,S01b_Beh_24_APR_25
MET001,1954.0,956.0,15,2,1,23_APR_25,S01b_Beh_24_APR_25
MET001,1990.0,998.0,16,2,1,23_APR_25,S01b_Beh_24_APR_25
MET001,1656.0,762.0,17,2,1,23_APR_25,S01b_Beh_24_APR_25
MET001,1947.0,1045.0,18,2,1,23_APR_25,S01b_Beh_24_APR_25
MET001,1941.0,877.0,19,2,1,23_APR_25,S01b_Beh_24_APR_25
MET021,2316.0,699.0,1,2,1,24_APR_25,S21b_Beh_24_APR_25
MET021,2179.0,952.0,2,2,1,24_APR_25,S21b_Beh_24_APR_25
MET021,2146.0,964.0,3,2,1,24_APR_25,S21b_Beh_24_APR_25
MET021,2095.0,919.0,4,2,1,24_APR_25,S21b_Beh_24_APR_25
MET021,2034.0,835.0,5,2,1,24_APR_25,S21b_Beh_24_APR_25
MET021,1878.0,730.0,6,2,1,24_APR_25,S21b_Beh_24_APR_25
MET021,2422.0,692.0,7,2,1,24_APR_25,S21b_Beh_24_APR_25
MET021,1845.0,793.0,8,2,1,24_APR_25,S21b_Beh_24_APR_25
MET021,2101.0,812.0,9,2,1,24_APR_25,S21b_Beh_24_APR_25
MET021,1672.0,754.0,10,2,1,24_APR_25,S21b_Beh_24_APR_25
MET021,2010.0,740.0,11,2,1,24_APR_25,S21b_Beh_24_APR_25
MET021,1821.0,808.0,12,2,1,24_APR_25,S21b_Beh_24_APR_25
MET021,2384.0,905.0,13,2,1,24_APR_25,S21b_Beh_24_APR_25
MET021,1819.0,779.0,14,2,1,24_APR_25,S21b_Beh_24_APR_25
MET021,1831.0,869.0,15,2,1,24_APR_25,S21b_Beh_24_APR_25
MET021,2266.0,1021.0,16,2,1,24_APR_25,S21b_Beh_24_APR_25
MET021,2630.0,799.0,17,2,1,24_APR_25,S21b_Beh_24_APR_25
MET021,2174.0,741.0,18,2,1,24_APR_25,S21b_Beh_24_APR_25
MET021,2347.0,756.0,19,2,1,24_APR_25,S21b_Beh_24_APR_25
MET021,2381.0,654.0,20,2,1,24_APR_25,S21b_Beh_24_APR_25
MET023,1820.0,777.0,1,2,1,28_APR_25,S23b_Beh_28_APR_25
MET023,2677.0,1005.0,2,2,1,28_APR_25,S23b_Beh_28_APR_25
MET023,1655.0,639.0,3,2,1,28_APR_25,S23b_Beh_28_APR_25
MET023,1840.0,692.0,4,2,1,28_APR_25,S23b_Beh_28_APR_25
MET023,2803.0,972.0,5,2,1,28_APR_25,S23b_Beh_28_APR_25
MET023,1578.0,730.0,6,2,1,28_APR_25,S23b_Beh_28_APR_25
MET023,2111.0,754.0,7,2,1,28_APR_25,S23b_Beh_28_APR_25
MET023,1864.0,706.0,8,2,1,28_APR_25,S23b_Beh_28_APR_25
MET023,2357.0,816.0,9,2,1,28_APR_25,S23b_Beh_28_APR_25
MET023,2220.0,754.0,10,2,1,28_APR_25,S23b_Beh_28_APR_25
MET023,2102.0,750.0,11,2,1,28_APR_25,S23b_Beh_28_APR_25
MET023,2373.0,840.0,12,2,1,28_APR_25,S23b_Beh_28_APR_25
MET023,1671.0,698.0,13,2,1,28_APR_25,S23b_Beh_28_APR_25
MET023,1799.0,838.0,14,2,1,28_APR_25,S23b_Beh_28_APR_25
MET023,1621.0,642.0,15,2,1,28_APR_25,S23b_Beh_28_APR_25
MET023,2217.0,840.0,16,2,1,28_APR_25,S23b_Beh_28_APR_25
MET023,2551.0,899.0,17,2,1,28_APR_25,S23b_Beh_28_APR_25
MET023,2135.0,918.0,18,2,1,28_APR_25,S23b_Beh_28_APR_25
MET023,2399.0,895.0,19,2,1,28_APR_25,S23b_Beh_28_APR_25
MET023,2486.0,935.0,20,2,1,28_APR_25,S23b_Beh_28_APR_25
MET024,2309.0,803.0,1,2,1,29_APR_25,S24b_Beh_29_APR_25
MET024,1952.0,716.0,2,2,1,29_APR_25,S24b_Beh_29_APR_25
MET024,2090.0,825.0,3,2,1,29_APR_25,S24b_Beh_29_APR_25
MET024,2087.0,805.0,4,2,1,29_APR_25,S24b_Beh_29_APR_25
MET024,1998.0,856.0,5,2,1,29_APR_25,S24b_Beh_29_APR_25
MET024,2141.0,753.0,6,2,1,29_APR_25,S24b_Beh_29_APR_25
MET024,2283.0,925.0,7,2,1,29_APR_25,S24b_Beh_29_APR_25
MET024,1947.0,788.0,8,2,1,29_APR_25,S24b_Beh_29_APR_25
MET024,2175.0,796.0,9,2,1,29_APR_25,S24b_Beh_29_APR_25
MET024,2037.0,1116.0,10,2,1,29_APR_25,S24b_Beh_29_APR_25
MET024,1843.0,816.0,11,2,1,29_APR_25,S24b_Beh_29_APR_25
MET024,2474.0,916.0,12,2,1,29_APR_25,S24b_Beh_29_APR_25
MET024,1946.0,795.0,13,2,1,29_APR_25,S24b_Beh_29_APR_25
MET024,1944.0,734.0,14,2,1,29_APR_25,S24b_Beh_29_APR_25
MET024,1808.0,819.0,15,2,1,29_APR_25,S24b_Beh_29_APR_25
MET025,1849.0,1012.0,1,1,3,29_APR_25,S25_Beh_29_APR_25PD
MET025,1439.0,1203.0,2,1,3,29_APR_25,S25_Beh_29_APR_25PD
MET025,1166.0,1158.0,3,1,3,29_APR_25,S25_Beh_29_APR_25PD
MET025,1358.0,666.0,4,1,3,29_APR_25,S25_Beh_29_APR_25PD
MET025,1323.0,675.0,5,1,3,29_APR_25,S25_Beh_29_APR_25PD
MET025,1984.0,1063.0,6,1,3,29_APR_25,S25_Beh_29_APR_25PD
MET025,1159.0,1361.0,7,1,3,29_APR_25,S25_Beh_29_APR_25PD
MET026,1546.0,775.0,1,1,1,29_APR_25,S26_Beh_29_APR_25
MET026,2163.0,1023.0,2,1,1,29_APR_25,S26_Beh_29_APR_25
MET026,2259.0,1340.0,3,1,1,29_APR_25,S26_Beh_29_APR_25
MET026,1765.0,1085.0,4,1,1,29_APR_25,S26_Beh_29_APR_25
MET026,2697.0,991.0,5,1,1,29_APR_25,S26_Beh_29_APR_25
MET026,2192.0,1266.0,6,1,1,29_APR_25,S26_Beh_29_APR_25
MET026,1793.0,809.0,7,1,1,29_APR_25,S26_Beh_29_APR_25
MET026,2664.0,1415.0,8,1,1,29_APR_25,S26_Beh_29_APR_25
MET026,2051.0,1268.0,9,1,1,29_APR_25,S26_Beh_29_APR_25
MET026,2010.0,1455.0,10,1,1,29_APR_25,S26_Beh_29_APR_25
MET026,2260.0,1639.0,11,1,1,29_APR_25,S26_Beh_29_APR_25
MET026,1725.0,654.0,12,1,1,29_APR_25,S26_Beh_29_APR_25
MET026,1875.0,1663.0,13,1,1,29_APR_25,S26_Beh_29_APR_25
MET026,1938.0,793.0,14,1,1,29_APR_25,S26_Beh_29_APR_25
MET026,2379.0,845.0,15,1,1,29_APR_25,S26_Beh_29_APR_25
MET026,2290.0,826.0,16,1,1,29_APR_25,S26_Beh_29_APR_25
MET026,2314.0,852.0,17,1,1,29_APR_25,S26_Beh_29_APR_25
MET026,2681.0,958.0,18,1,1,29_APR_25,S26_Beh_29_APR_25
MET026,1458.0,646.0,19,1,1,29_APR_25,S26_Beh_29_APR_25
MET026,2628.0,893.0,20,1,1,29_APR_25,S26_Beh_29_APR_25
MET012,1959.0,801.0,1,2,1,30_APR_25,S12b_Beh_30_APR_25
MET012,1893.0,838.0,2,2,1,30_APR_25,S12b_Beh_30_APR_25
MET012,1884.0,809.0,3,2,1,30_APR_25,S12b_Beh_30_APR_25
MET012,2041.0,844.0,4,2,1,30_APR_25,S12b_Beh_30_APR_25
MET012,1928.0,819.0,5,2,1,30_APR_25,S12b_Beh_30_APR_25
MET012,2185.0,940.0,6,2,1,30_APR_25,S12b_Beh_30_APR_25
MET012,2017.0,855.0,7,2,1,30_APR_25,S12b_Beh_30_APR_25
MET012,1779.0,736.0,8,2,1,30_APR_25,S12b_Beh_30_APR_25
MET012,1878.0,815.0,9,2,1,30_APR_25,S12b_Beh_30_APR_25
MET012,1844.0,838.0,10,2,1,30_APR_25,S12b_Beh_30_APR_25
MET012,2006.0,831.0,11,2,1,30_APR_25,S12b_Beh_30_APR_25
MET012,1927.0,877.0,12,2,1,30_APR_25,S12b_Beh_30_APR_25
MET012,1911.0,917.0,13,2,1,30_APR_25,S12b_Beh_30_APR_25
MET012,1872.0,894.0,14,2,1,30_APR_25,S12b_Beh_30_APR_25
MET012,1771.0,734.0,15,2,1,30_APR_25,S12b_Beh_30_APR_25
MET012,2138.0,885.0,16,2,1,30_APR_25,S12b_Beh_30_APR_25
MET012,2021.0,901.0,17,2,1,30_APR_25,S12b_Beh_30_APR_25
MET012,2436.0,1170.0,18,2,1,30_APR_25,S12b_Beh_30_APR_25
MET012,1716.0,745.0,19,2,1,30_APR_25,S12b_Beh_30_APR_25
MET012,1911.0,877.0,20,2,1,30_APR_25,S12b_Beh_30_APR_25
MET000,1670.0,684.0,1,1,1,01_MAY,S00_Beh_01_MAY_25
MET000,2034.0,866.0,2,1,1,01_MAY,S00_Beh_01_MAY_25
MET000,1686.0,826.0,3,1,1,01_MAY,S00_Beh_01_MAY_25
MET000,1489.0,652.0,4,1,1,01_MAY,S00_Beh_01_MAY_25
MET000,1867.0,837.0,5,1,1,01_MAY,S00_Beh_01_MAY_25
MET000,1825.0,716.0,6,1,1,01_MAY,S00_Beh_01_MAY_25
MET000,1771.0,689.0,7,1,1,01_MAY,S00_Beh_01_MAY_25
MET000,2016.0,813.0,8,1,1,01_MAY,S00_Beh_01_MAY_25
MET000,2059.0,962.0,9,1,1,01_MAY,S00_Beh_01_MAY_25
MET000,1714.0,734.0,10,1,1,01_MAY,S00_Beh_01_MAY_25
MET000,1883.0,733.0,11,1,1,01_MAY,S00_Beh_01_MAY_25
MET000,1911.0,789.0,12,1,1,01_MAY,S00_Beh_01_MAY_25
MET000,1887.0,760.0,13,1,1,01_MAY,S00_Beh_01_MAY_25
MET000,1803.0,689.0,14,1,1,01_MAY,S00_Beh_01_MAY_25
MET000,1929.0,880.0,15,1,1,01_MAY,S00_Beh_01_MAY_25
MET000,2102.0,787.0,16,1,1,01_MAY,S00_Beh_01_MAY_25
MET000,1747.0,767.0,17,1,1,01_MAY,S00_Beh_01_MAY_25
MET000,1836.0,770.0,18,1,1,01_MAY,S00_Beh_01_MAY_25
MET000,1697.0,860.0,19,1,1,01_MAY,S00_Beh_01_MAY_25
MET000,1972.0,832.0,20,1,1,01_MAY,S00_Beh_01_MAY_25
MET000,1854.0,817.0,21,1,1,01_MAY,S00_Beh_01_MAY_25
MET000,1884.0,768.0,22,1,1,01_MAY,S00_Beh_01_MAY_25
MET000,1919.0,809.0,23,1,1,01_MAY,S00_Beh_01_MAY_25
MET000,2000.0,884.0,24,1,1,01_MAY,S00_Beh_01_MAY_25
MET000,1604.0,641.0,25,1,1,01_MAY,S00_Beh_01_MAY_25
MET009,1843.0,999.0,1,2,1,02_MAY_25,S09b_Beh_02_MAY_25
MET009,2341.0,1336.0,2,2,1,02_MAY_25,S09b_Beh_02_MAY_25
MET009,1634.0,944.0,3,2,1,02_MAY_25,S09b_Beh_02_MAY_25
MET009,1602.0,1020.0,4,2,1,02_MAY_25,S09b_Beh_02_MAY_25
MET009,1847.0,982.0,5,2,1,02_MAY_25,S09b_Beh_02_MAY_25
MET009,1719.0,992.0,6,2,1,02_MAY_25,S09b_Beh_02_MAY_25
MET009,1464.0,924.0,7,2,1,02_MAY_25,S09b_Beh_02_MAY_25
MET009,1674.0,890.0,8,2,1,02_MAY_25,S09b_Beh_02_MAY_25
MET009,2069.0,1231.0,9,2,1,02_MAY_25,S09b_Beh_02_MAY_25
MET009,1905.0,999.0,10,2,1,02_MAY_25,S09b_Beh_02_MAY_25
MET009,1874.0,1072.0,11,2,1,02_MAY_25,S09b_Beh_02_MAY_25
MET009,1805.0,978.0,12,2,1,02_MAY_25,S09b_Beh_02_MAY_25
MET009,1779.0,980.0,13,2,1,02_MAY_25,S09b_Beh_02_MAY_25
MET009,1890.0,951.0,14,2,1,02_MAY_25,S09b_Beh_02_MAY_25
MET009,1681.0,954.0,15,2,1,02_MAY_25,S09b_Beh_02_MAY_25
MET006,2199.0,767.0,1,3,1,02_MAY_25,S06c_Beh_02_MAY_25
MET006,2013.0,790.0,2,3,1,02_MAY_25,S06c_Beh_02_MAY_25
MET006,2190.0,1021.0,3,3,1,02_MAY_25,S06c_Beh_02_MAY_25
MET006,2347.0,855.0,4,3,1,02_MAY_25,S06c_Beh_02_MAY_25
MET006,2098.0,890.0,5,3,1,02_MAY_25,S06c_Beh_02_MAY_25
MET006,2937.0,1125.0,6,3,1,02_MAY_25,S06c_Beh_02_MAY_25
MET006,2360.0,1074.0,7,3,1,02_MAY_25,S06c_Beh_02_MAY_25
MET006,1503.0,709.0,8,3,1,02_MAY_25,S06c_Beh_02_MAY_25
MET006,2174.0,837.0,9,3,1,02_MAY_25,S06c_Beh_02_MAY_25
MET006,1673.0,736.0,10,3,1,02_MAY_25,S06c_Beh_02_MAY_25
MET006,2402.0,782.0,11,3,1,02_MAY_25,S06c_Beh_02_MAY_25
MET006,1733.0,819.0,12,3,1,02_MAY_25,S06c_Beh_02_MAY_25
MET006,1887.0,888.0,13,3,1,02_MAY_25,S06c_Beh_02_MAY_25
MET006,2138.0,830.0,14,3,1,02_MAY_25,S06c_Beh_02_MAY_25
MET006,2160.0,789.0,15,3,1,02_MAY_25,S06c_Beh_02_MAY_25
MET006,2111.0,988.0,16,3,1,02_MAY_25,S06c_Beh_02_MAY_25
MET025,1462.0,839.0,1,2,3,06_MAY_25,S25b_Beh_06_MAY_25PD
MET025,1572.0,888.0,2,2,3,06_MAY_25,S25b_Beh_06_MAY_25PD
MET025,1389.0,1221.0,3,2,3,06_MAY_25,S25b_Beh_06_MAY_25PD
MET025,2847.0,1575.0,4,2,3,06_MAY_25,S25b_Beh_06_MAY_25PD
MET025,1661.0,764.0,5,2,3,06_MAY_25,S25b_Beh_06_MAY_25PD
MET027,1934.0,839.0,1,1,1,07_MAY_25,S27_Beh_07_MAY_25
MET027,2437.0,917.0,2,1,1,07_MAY_25,S27_Beh_07_MAY_25
MET027,2223.0,958.0,3,1,1,07_MAY_25,S27_Beh_07_MAY_25
MET027,2538.0,893.0,4,1,1,07_MAY_25,S27_Beh_07_MAY_25
MET027,2555.0,904.0,5,1,1,07_MAY_25,S27_Beh_07_MAY_25
MET027,2407.0,880.0,6,1,1,07_MAY_25,S27_Beh_07_MAY_25
MET027,1303.0,665.0,7,1,1,07_MAY_25,S27_Beh_07_MAY_25
MET027,2722.0,853.0,8,1,1,07_MAY_25,S27_Beh_07_MAY_25
MET027,1583.0,738.0,9,1,1,07_MAY_25,S27_Beh_07_MAY_25
MET027,1780.0,815.0,10,1,1,07_MAY_25,S27_Beh_07_MAY_25
MET027,1646.0,728.0,11,1,1,07_MAY_25,S27_Beh_07_MAY_25
MET027,2570.0,1068.0,12,1,1,07_MAY_25,S27_Beh_07_MAY_25
MET027,1738.0,679.0,13,1,1,07_MAY_25,S27_Beh_07_MAY_25
MET027,1646.0,873.0,14,1,1,07_MAY_25,S27_Beh_07_MAY_25
MET027,1652.0,697.0,15,1,1,07_MAY_25,S27_Beh_07_MAY_25
MET027,2193.0,757.0,16,1,1,07_MAY_25,S27_Beh_07_MAY_25
MET027,2938.0,1188.0,17,1,1,07_MAY_25,S27_Beh_07_MAY_25
MET027,2163.0,783.0,18,1,1,07_MAY_25,S27_Beh_07_MAY_25
MET027,2646.0,1060.0,19,1,1,07_MAY_25,S27_Beh_07_MAY_25
MET027,946.0,367.0,20,1,1,07_MAY_25,S27_Beh_07_MAY_25
MET027,2489.0,871.0,21,1,1,07_MAY_25,S27_Beh_07_MAY_25
MET027,2779.0,1184.0,22,1,1,07_MAY_25,S27_Beh_07_MAY_25
MET027,1560.0,802.0,23,1,1,07_MAY_25,S27_Beh_07_MAY_25
MET027,2193.0,696.0,24,1,1,07_MAY_25,S27_Beh_07_MAY_25
MET027,2803.0,799.0,25,1,1,07_MAY_25,S27_Beh_07_MAY_25
MET023,2060.0,741.0,1,3,1,07_MAY_25,S23c_Beh_07_MAY_24
MET023,1659.0,689.0,2,3,1,07_MAY_25,S23c_Beh_07_MAY_24
MET023,1851.0,728.0,3,3,1,07_MAY_25,S23c_Beh_07_MAY_24
MET023,1840.0,696.0,4,3,1,07_MAY_25,S23c_Beh_07_MAY_24
MET023,2330.0,859.0,5,3,1,07_MAY_25,S23c_Beh_07_MAY_24
MET023,1703.0,738.0,6,3,1,07_MAY_25,S23c_Beh_07_MAY_24
MET023,1656.0,669.0,7,3,1,07_MAY_25,S23c_Beh_07_MAY_24
MET023,2114.0,852.0,8,3,1,07_MAY_25,S23c_Beh_07_MAY_24
MET023,1907.0,812.0,9,3,1,07_MAY_25,S23c_Beh_07_MAY_24
MET023,1665.0,697.0,10,3,1,07_MAY_25,S23c_Beh_07_MAY_24
MET023,2104.0,809.0,11,3,1,07_MAY_25,S23c_Beh_07_MAY_24
MET023,1898.0,809.0,12,3,1,07_MAY_25,S23c_Beh_07_MAY_24
MET023,2045.0,819.0,13,3,1,07_MAY_25,S23c_Beh_07_MAY_24
MET023,2192.0,802.0,14,3,1,07_MAY_25,S23c_Beh_07_MAY_24
MET023,1927.0,749.0,15,3,1,07_MAY_25,S23c_Beh_07_MAY_24
MET000,1929.0,696.0,1,2,1,12_MAY_25,S00b_Beh_12_MAY_25
MET000,1848.0,847.0,2,2,1,12_MAY_25,S00b_Beh_12_MAY_25
MET000,1752.0,796.0,3,2,1,12_MAY_25,S00b_Beh_12_MAY_25
MET000,2231.0,985.0,4,2,1,12_MAY_25,S00b_Beh_12_MAY_25
MET000,1959.0,847.0,5,2,1,12_MAY_25,S00b_Beh_12_MAY_25
MET000,1753.0,723.0,6,2,1,12_MAY_25,S00b_Beh_12_MAY_25
MET000,1535.0,654.0,7,2,1,12_MAY_25,S00b_Beh_12_MAY_25
MET000,1954.0,673.0,8,2,1,12_MAY_25,S00b_Beh_12_MAY_25
MET000,1725.0,677.0,9,2,1,12_MAY_25,S00b_Beh_12_MAY_25
MET000,2084.0,828.0,10,2,1,12_MAY_25,S00b_Beh_12_MAY_25
MET000,1688.0,734.0,11,2,1,12_MAY_25,S00b_Beh_12_MAY_25
MET000,2337.0,913.0,12,2,1,12_MAY_25,S00b_Beh_12_MAY_25
MET000,2022.0,597.0,13,2,1,12_MAY_25,S00b_Beh_12_MAY_25
MET000,1790.0,690.0,14,2,1,12_MAY_25,S00b_Beh_12_MAY_25
MET000,2341.0,970.0,15,2,1,12_MAY_25,S00b_Beh_12_MAY_25
MET000,1639.0,752.0,16,2,1,12_MAY_25,S00b_Beh_12_MAY_25
MET000,1817.0,657.0,17,2,1,12_MAY_25,S00b_Beh_12_MAY_25
MET000,1576.0,776.0,18,2,1,12_MAY_25,S00b_Beh_12_MAY_25
MET000,1642.0,775.0,19,2,1,12_MAY_25,S00b_Beh_12_MAY_25
MET000,1475.0,655.0,20,2,1,12_MAY_25,S00b_Beh_12_MAY_25
MET000,1886.0,720.0,21,2,1,12_MAY_25,S00b_Beh_12_MAY_25
MET000,1899.0,753.0,22,2,1,12_MAY_25,S00b_Beh_12_MAY_25
MET000,2273.0,758.0,23,2,1,12_MAY_25,S00b_Beh_12_MAY_25
MET000,1641.0,731.0,24,2,1,12_MAY_25,S00b_Beh_12_MAY_25
MET000,1833.0,836.0,25,2,1,12_MAY_25,S00b_Beh_12_MAY_25
MET027,1995.0,798.0,1,2,1,12_MAY_25,S27b_Beh_12_MAY_25
MET027,2223.0,900.0,2,2,1,12_MAY_25,S27b_Beh_12_MAY_25
MET027,1782.0,618.0,3,2,1,12_MAY_25,S27b_Beh_12_MAY_25
MET027,2228.0,898.0,4,2,1,12_MAY_25,S27b_Beh_12_MAY_25
MET027,2034.0,737.0,5,2,1,12_MAY_25,S27b_Beh_12_MAY_25
MET027,2096.0,963.0,6,2,1,12_MAY_25,S27b_Beh_12_MAY_25
MET027,2360.0,951.0,7,2,1,12_MAY_25,S27b_Beh_12_MAY_25
MET027,2115.0,901.0,8,2,1,12_MAY_25,S27b_Beh_12_MAY_25
MET027,2396.0,962.0,9,2,1,12_MAY_25,S27b_Beh_12_MAY_25
MET027,2087.0,879.0,10,2,1,12_MAY_25,S27b_Beh_12_MAY_25
MET027,1878.0,775.0,11,2,1,12_MAY_25,S27b_Beh_12_MAY_25
MET027,1893.0,716.0,12,2,1,12_MAY_25,S27b_Beh_12_MAY_25
MET027,1994.0,771.0,13,2,1,12_MAY_25,S27b_Beh_12_MAY_25
MET027,2379.0,821.0,14,2,1,12_MAY_25,S27b_Beh_12_MAY_25
MET027,1906.0,838.0,15,2,1,12_MAY_25,S27b_Beh_12_MAY_25
MET000,2004.0,685.0,1,3,1,13_MAY_25,S00c_Beh_13_MAY_25
MET000,1799.0,753.0,2,3,1,13_MAY_25,S00c_Beh_13_MAY_25
MET000,1629.0,696.0,3,3,1,13_MAY_25,S00c_Beh_13_MAY_25
MET000,1515.0,676.0,4,3,1,13_MAY_25,S00c_Beh_13_MAY_25
MET000,2108.0,826.0,5,3,1,13_MAY_25,S00c_Beh_13_MAY_25
MET000,1763.0,722.0,6,3,1,13_MAY_25,S00c_Beh_13_MAY_25
MET000,1755.0,653.0,7,3,1,13_MAY_25,S00c_Beh_13_MAY_25
MET000,1529.0,672.0,8,3,1,13_MAY_25,S00c_Beh_13_MAY_25
MET000,1824.0,768.0,9,3,1,13_MAY_25,S00c_Beh_13_MAY_25
MET000,1638.0,721.0,10,3,1,13_MAY_25,S00c_Beh_13_MAY_25
MET000,2099.0,734.0,11,3,1,13_MAY_25,S00c_Beh_13_MAY_25
MET000,1997.0,716.0,12,3,1,13_MAY_25,S00c_Beh_13_MAY_25
MET000,2103.0,896.0,13,3,1,13_MAY_25,S00c_Beh_13_MAY_25
MET000,1754.0,680.0,14,3,1,13_MAY_25,S00c_Beh_13_MAY_25
MET000,1895.0,872.0,15,3,1,13_MAY_25,S00c_Beh_13_MAY_25
MET000,1916.0,826.0,16,3,1,13_MAY_25,S00c_Beh_13_MAY_25
MET000,1689.0,767.0,17,3,1,13_MAY_25,S00c_Beh_13_MAY_25
MET000,1846.0,1026.0,18,3,1,13_MAY_25,S00c_Beh_13_MAY_25
MET000,1793.0,750.0,19,3,1,13_MAY_25,S00c_Beh_13_MAY_25
MET000,1866.0,749.0,20,3,1,13_MAY_25,S00c_Beh_13_MAY_25
MET000,1875.0,827.0,21,3,1,13_MAY_25,S00c_Beh_13_MAY_25
MET000,1579.0,837.0,22,3,1,13_MAY_25,S00c_Beh_13_MAY_25
MET000,2207.0,985.0,23,3,1,13_MAY_25,S00c_Beh_13_MAY_25
MET000,2130.0,750.0,24,3,1,13_MAY_25,S00c_Beh_13_MAY_25
MET000,1743.0,707.0,25,3,1,13_MAY_25,S00c_Beh_13_MAY_25
MET025,2514.0,1725.0,1,3,3,13_MAY_25,S25c_Beh_13_MAY_25PD
MET025,1728.0,964.0,2,3,3,13_MAY_25,S25c_Beh_13_MAY_25PD
MET025,941.0,610.0,3,3,3,13_MAY_25,S25c_Beh_13_MAY_25PD
MET025,949.0,774.0,4,3,3,13_MAY_25,S25c_Beh_13_MAY_25PD
MET003,2029.0,824.0,1,3,1,14_MAY_25,S03c_Beh_14_MAY_25
MET003,2196.0,874.0,2,3,1,14_MAY_25,S03c_Beh_14_MAY_25
MET003,2755.0,1050.0,3,3,1,14_MAY_25,S03c_Beh_14_MAY_25
MET003,2160.0,903.0,4,3,1,14_MAY_25,S03c_Beh_14_MAY_25
MET003,2264.0,850.0,5,3,1,14_MAY_25,S03c_Beh_14_MAY_25
MET003,2022.0,905.0,6,3,1,14_MAY_25,S03c_Beh_14_MAY_25
MET003,2138.0,913.0,7,3,1,14_MAY_25,S03c_Beh_14_MAY_25
MET003,1902.0,680.0,8,3,1,14_MAY_25,S03c_Beh_14_MAY_25
MET003,2007.0,810.0,9,3,1,14_MAY_25,S03c_Beh_14_MAY_25
MET003,2625.0,1032.0,10,3,1,14_MAY_25,S03c_Beh_14_MAY_25
MET003,2258.0,843.0,11,3,1,14_MAY_25,S03c_Beh_14_MAY_25
MET003,2219.0,805.0,12,3,1,14_MAY_25,S03c_Beh_14_MAY_25
MET003,2009.0,850.0,13,3,1,14_MAY_25,S03c_Beh_14_MAY_25
MET003,1903.0,681.0,14,3,1,14_MAY_25,S03c_Beh_14_MAY_25
MET003,2099.0,761.0,15,3,1,14_MAY_25,S03c_Beh_14_MAY_25
MET003,2218.0,953.0,16,3,1,14_MAY_25,S03c_Beh_14_MAY_25
MET004,1884.0,803.0,1,3,1,14_MAY_25,S04c_Beh_14_MAY_25
MET004,1797.0,852.0,2,3,1,14_MAY_25,S04c_Beh_14_MAY_25
MET004,1749.0,821.0,3,3,1,14_MAY_25,S04c_Beh_14_MAY_25
MET004,1813.0,884.0,4,3,1,14_MAY_25,S04c_Beh_14_MAY_25
MET004,1942.0,815.0,5,3,1,14_MAY_25,S04c_Beh_14_MAY_25
MET004,1990.0,761.0,6,3,1,14_MAY_25,S04c_Beh_14_MAY_25
MET004,1998.0,767.0,7,3,1,14_MAY_25,S04c_Beh_14_MAY_25
MET004,1708.0,880.0,8,3,1,14_MAY_25,S04c_Beh_14_MAY_25
MET004,1885.0,818.0,9,3,1,14_MAY_25,S04c_Beh_14_MAY_25
MET004,1867.0,765.0,10,3,1,14_MAY_25,S04c_Beh_14_MAY_25
MET004,1945.0,761.0,11,3,1,14_MAY_25,S04c_Beh_14_MAY_25
MET004,1836.0,805.0,12,3,1,14_MAY_25,S04c_Beh_14_MAY_25
MET028,2385.0,649.0,1,1,2,15_MAY_25,S28_Beh_15_MAY_25
MET028,2768.0,619.0,2,1,2,15_MAY_25,S28_Beh_15_MAY_25
MET028,2286.0,840.0,3,1,2,15_MAY_25,S28_Beh_15_MAY_25
MET028,2554.0,779.0,4,1,2,15_MAY_25,S28_Beh_15_MAY_25
MET028,1944.0,891.0,5,1,2,15_MAY_25,S28_Beh_15_MAY_25
MET028,944.0,850.0,6,1,2,15_MAY_25,S28_Beh_15_MAY_25
MET028,2863.0,697.0,7,1,2,15_MAY_25,S28_Beh_15_MAY_25
MET028,1518.0,927.0,8,1,2,15_MAY_25,S28_Beh_15_MAY_25
MET028,2571.0,647.0,9,1,2,15_MAY_25,S28_Beh_15_MAY_25
MET028,2757.0,780.0,10,1,2,15_MAY_25,S28_Beh_15_MAY_25
MET028,2768.0,642.0,11,1,2,15_MAY_25,S28_Beh_15_MAY_25
MET028,1366.0,758.0,12,1,2,15_MAY_25,S28_Beh_15_MAY_25
MET028,968.0,922.0,13,1,2,15_MAY_25,S28_Beh_15_MAY_25
MET028,1812.0,812.0,14,1,2,15_MAY_25,S28_Beh_15_MAY_25
MET028,2054.0,791.0,15,1,2,15_MAY_25,S28_Beh_15_MAY_25
MET028,73.0,1035.0,16,1,2,15_MAY_25,S28_Beh_15_MAY_25
MET028,1855.0,855.0,17,1,2,15_MAY_25,S28_Beh_15_MAY_25
MET028,284.0,1192.0,18,1,2,15_MAY_25,S28_Beh_15_MAY_25
MET028,894.0,914.0,19,1,2,15_MAY_25,S28_Beh_15_MAY_25
MET028,1540.0,760.0,20,1,2,15_MAY_25,S28_Beh_15_MAY_25
MET022,1642.0,804.0,1,2,1,15_MAY_25,S22b_Beh_15_MAY_25
MET022,2070.0,869.0,2,2,1,15_MAY_25,S22b_Beh_15_MAY_25
MET022,2684.0,1307.0,3,2,1,15_MAY_25,S22b_Beh_15_MAY_25
MET022,2252.0,1116.0,4,2,1,15_MAY_25,S22b_Beh_15_MAY_25
MET022,2759.0,1589.0,5,2,1,15_MAY_25,S22b_Beh_15_MAY_25
MET022,1910.0,924.0,6,2,1,15_MAY_25,S22b_Beh_15_MAY_25
MET022,2848.0,1455.0,7,2,1,15_MAY_25,S22b_Beh_15_MAY_25
MET022,1781.0,809.0,8,2,1,15_MAY_25,S22b_Beh_15_MAY_25
MET022,1749.0,825.0,9,2,1,15_MAY_25,S22b_Beh_15_MAY_25
MET022,2369.0,1040.0,10,2,1,15_MAY_25,S22b_Beh_15_MAY_25
MET022,2350.0,1063.0,11,2,1,15_MAY_25,S22b_Beh_15_MAY_25
MET022,2689.0,1445.0,12,2,1,15_MAY_25,S22b_Beh_15_MAY_25
MET022,2935.0,1462.0,13,2,1,15_MAY_25,S22b_Beh_15_MAY_25
MET022,2865.0,1574.0,14,2,1,15_MAY_25,S22b_Beh_15_MAY_25
MET022,1971.0,958.0,15,2,1,15_MAY_25,S22b_Beh_15_MAY_25
MET027,2316.0,706.0,1,3,1,19_MAY_25,S27c_Beh_19_MAY_25
MET027,2040.0,785.0,2,3,1,19_MAY_25,S27c_Beh_19_MAY_25
MET027,2105.0,822.0,3,3,1,19_MAY_25,S27c_Beh_19_MAY_25
MET027,2155.0,780.0,4,3,1,19_MAY_25,S27c_Beh_19_MAY_25
MET027,2103.0,921.0,5,3,1,19_MAY_25,S27c_Beh_19_MAY_25
MET027,1947.0,715.0,6,3,1,19_MAY_25,S27c_Beh_19_MAY_25
MET027,2245.0,893.0,7,3,1,19_MAY_25,S27c_Beh_19_MAY_25
MET027,1800.0,747.0,8,3,1,19_MAY_25,S27c_Beh_19_MAY_25
MET027,1807.0,793.0,9,3,1,19_MAY_25,S27c_Beh_19_MAY_25
MET027,2061.0,917.0,10,3,1,19_MAY_25,S27c_Beh_19_MAY_25
MET027,1784.0,723.0,11,3,1,19_MAY_25,S27c_Beh_19_MAY_25
MET027,2111.0,784.0,12,3,1,19_MAY_25,S27c_Beh_19_MAY_25
MET027,1771.0,782.0,13,3,1,19_MAY_25,S27c_Beh_19_MAY_25
MET027,1833.0,738.0,14,3,1,19_MAY_25,S27c_Beh_19_MAY_25
MET027,2097.0,793.0,15,3,1,19_MAY_25,S27c_Beh_19_MAY_25
MET027,2160.0,801.0,16,3,1,19_MAY_25,S27c_Beh_19_MAY_25
MET026,1804.0,808.0,1,2,1,19_MAY_25,S26b_Beh_19_MAY_25
MET026,2114.0,933.0,2,2,1,19_MAY_25,S26b_Beh_19_MAY_25
MET026,1714.0,887.0,3,2,1,19_MAY_25,S26b_Beh_19_MAY_25
MET026,1655.0,865.0,4,2,1,19_MAY_25,S26b_Beh_19_MAY_25
MET026,1889.0,852.0,5,2,1,19_MAY_25,S26b_Beh_19_MAY_25
MET026,1804.0,967.0,6,2,1,19_MAY_25,S26b_Beh_19_MAY_25
MET026,2662.0,1224.0,7,2,1,19_MAY_25,S26b_Beh_19_MAY_25
MET026,2292.0,1310.0,8,2,1,19_MAY_25,S26b_Beh_19_MAY_25
MET026,2356.0,952.0,9,2,1,19_MAY_25,S26b_Beh_19_MAY_25
MET026,2815.0,1202.0,10,2,1,19_MAY_25,S26b_Beh_19_MAY_25
MET026,2257.0,887.0,11,2,1,19_MAY_25,S26b_Beh_19_MAY_25
MET026,2037.0,839.0,12,2,1,19_MAY_25,S26b_Beh_19_MAY_25
MET026,2044.0,875.0,13,2,1,19_MAY_25,S26b_Beh_19_MAY_25
MET026,1428.0,748.0,14,2,1,19_MAY_25,S26b_Beh_19_MAY_25
MET026,1286.0,717.0,15,2,1,19_MAY_25,S26b_Beh_19_MAY_25
MET026,1616.0,887.0,16,2,1,19_MAY_25,S26b_Beh_19_MAY_25
MET002,1825.0,907.0,1,3,1,20_MAY_25,S02c_Beh_20_MAY_25
MET002,1957.0,822.0,2,3,1,20_MAY_25,S02c_Beh_20_MAY_25
MET002,2002.0,874.0,3,3,1,20_MAY_25,S02c_Beh_20_MAY_25
MET002,2015.0,881.0,4,3,1,20_MAY_25,S02c_Beh_20_MAY_25
MET002,2212.0,854.0,5,3,1,20_MAY_25,S02c_Beh_20_MAY_25
MET002,1800.0,857.0,6,3,1,20_MAY_25,S02c_Beh_20_MAY_25
MET002,1789.0,798.0,7,3,1,20_MAY_25,S02c_Beh_20_MAY_25
MET002,1979.0,693.0,8,3,1,20_MAY_25,S02c_Beh_20_MAY_25
MET002,1955.0,829.0,9,3,1,20_MAY_25,S02c_Beh_20_MAY_25
MET002,1913.0,736.0,10,3,1,20_MAY_25,S02c_Beh_20_MAY_25
MET002,1887.0,939.0,11,3,1,20_MAY_25,S02c_Beh_20_MAY_25
MET002,1896.0,853.0,12,3,1,20_MAY_25,S02c_Beh_20_MAY_25
MET002,2077.0,794.0,13,3,1,20_MAY_25,S02c_Beh_20_MAY_25
MET005,2201.0,845.0,1,3,1,20_MAY_25,S05c_Beh_20_MAY_25
MET005,1913.0,678.0,2,3,1,20_MAY_25,S05c_Beh_20_MAY_25
MET005,2031.0,678.0,3,3,1,20_MAY_25,S05c_Beh_20_MAY_25
MET005,2199.0,745.0,4,3,1,20_MAY_25,S05c_Beh_20_MAY_25
MET005,2298.0,857.0,5,3,1,20_MAY_25,S05c_Beh_20_MAY_25
MET005,1982.0,737.0,6,3,1,20_MAY_25,S05c_Beh_20_MAY_25
MET005,2039.0,774.0,7,3,1,20_MAY_25,S05c_Beh_20_MAY_25
MET005,2167.0,687.0,8,3,1,20_MAY_25,S05c_Beh_20_MAY_25
MET005,2136.0,815.0,9,3,1,20_MAY_25,S05c_Beh_20_MAY_25
MET005,1969.0,799.0,10,3,1,20_MAY_25,S05c_Beh_20_MAY_25
MET005,2035.0,685.0,11,3,1,20_MAY_25,S05c_Beh_20_MAY_25
MET005,2234.0,702.0,12,3,1,20_MAY_25,S05c_Beh_20_MAY_25
MET005,1941.0,709.0,13,3,1,20_MAY_25,S05c_Beh_20_MAY_25
MET005,2185.0,774.0,14,3,1,20_MAY_25,S05c_Beh_20_MAY_25
MET005,2107.0,768.0,15,3,1,20_MAY_25,S05c_Beh_20_MAY_25
MET005,1974.0,659.0,16,3,1,20_MAY_25,S05c_Beh_20_MAY_25
MET008,2201.0,855.0,1,3,1,03_JUN_24,S08c_Beh_03_JUN_25
MET008,1771.0,668.0,2,3,1,03_JUN_24,S08c_Beh_03_JUN_25
MET008,1716.0,673.0,3,3,1,03_JUN_24,S08c_Beh_03_JUN_25
MET008,1705.0,734.0,4,3,1,03_JUN_24,S08c_Beh_03_JUN_25
MET008,2200.0,869.0,5,3,1,03_JUN_24,S08c_Beh_03_JUN_25
MET008,2629.0,952.0,6,3,1,03_JUN_24,S08c_Beh_03_JUN_25
MET008,2125.0,808.0,7,3,1,03_JUN_24,S08c_Beh_03_JUN_25
MET008,2350.0,928.0,8,3,1,03_JUN_24,S08c_Beh_03_JUN_25
MET008,2043.0,797.0,9,3,1,03_JUN_24,S08c_Beh_03_JUN_25
MET008,1881.0,779.0,10,3,1,03_JUN_24,S08c_Beh_03_JUN_25
MET008,2151.0,835.0,11,3,1,03_JUN_24,S08c_Beh_03_JUN_25
MET008,1899.0,697.0,12,3,1,03_JUN_24,S08c_Beh_03_JUN_25
MET008,2032.0,789.0,13,3,1,03_JUN_24,S08c_Beh_03_JUN_25
MET008,2138.0,798.0,14,3,1,03_JUN_24,S08c_Beh_03_JUN_25
MET008,2488.0,947.0,15,3,1,03_JUN_24,S08c_Beh_03_JUN_25
MET008,2083.0,820.0,16,3,1,03_JUN_24,S08c_Beh_03_JUN_25
MET018,2533.0,590.0,1,3,1,04_JUN_25,S18c_Beh_04_JUN_25
MET018,2277.0,1156.0,2,3,1,04_JUN_25,S18c_Beh_04_JUN_25
MET018,2350.0,550.0,3,3,1,04_JUN_25,S18c_Beh_04_JUN_25
MET018,1839.0,868.0,4,3,1,04_JUN_25,S18c_Beh_04_JUN_25
MET018,1783.0,914.0,5,3,1,04_JUN_25,S18c_Beh_04_JUN_25
MET018,2810.0,1296.0,6,3,1,04_JUN_25,S18c_Beh_04_JUN_25
MET018,2569.0,1154.0,7,3,1,04_JUN_25,S18c_Beh_04_JUN_25
MET018,2249.0,1142.0,8,3,1,04_JUN_25,S18c_Beh_04_JUN_25
MET018,2582.0,779.0,9,3,1,04_JUN_25,S18c_Beh_04_JUN_25
MET018,1970.0,723.0,10,3,1,04_JUN_25,S18c_Beh_04_JUN_25
MET018,2188.0,920.0,11,3,1,04_JUN_25,S18c_Beh_04_JUN_25
MET018,2159.0,1073.0,12,3,1,04_JUN_25,S18c_Beh_04_JUN_25
MET018,1960.0,1269.0,13,3,1,04_JUN_25,S18c_Beh_04_JUN_25
MET018,2513.0,734.0,14,3,1,04_JUN_25,S18c_Beh_04_JUN_25
MET018,2351.0,1214.0,15,3,1,04_JUN_25,S18c_Beh_04_JUN_25
MET018,1452.0,661.0,16,3,1,04_JUN_25,S18c_Beh_04_JUN_25
MET009,1711.0,914.0,1,3,1,05_JUN_25,S09c_Beh_05_JUN_25
MET009,1675.0,857.0,2,3,1,05_JUN_25,S09c_Beh_05_JUN_25
MET009,2095.0,835.0,3,3,1,05_JUN_25,S09c_Beh_05_JUN_25
MET009,1822.0,863.0,4,3,1,05_JUN_25,S09c_Beh_05_JUN_25
MET009,1676.0,856.0,5,3,1,05_JUN_25,S09c_Beh_05_JUN_25
MET009,1923.0,964.0,6,3,1,05_JUN_25,S09c_Beh_05_JUN_25
MET009,1826.0,783.0,7,3,1,05_JUN_25,S09c_Beh_05_JUN_25
MET009,1771.0,880.0,8,3,1,05_JUN_25,S09c_Beh_05_JUN_25
MET009,1824.0,973.0,9,3,1,05_JUN_25,S09c_Beh_05_JUN_25
MET009,1929.0,1097.0,10,3,1,05_JUN_25,S09c_Beh_05_JUN_25
MET009,1917.0,870.0,11,3,1,05_JUN_25,S09c_Beh_05_JUN_25
MET009,1782.0,995.0,12,3,1,05_JUN_25,S09c_Beh_05_JUN_25
MET009,2048.0,990.0,13,3,1,05_JUN_25,S09c_Beh_05_JUN_25
MET009,2069.0,908.0,14,3,1,05_JUN_25,S09c_Beh_05_JUN_25
MET009,1878.0,911.0,15,3,1,05_JUN_25,S09c_Beh_05_JUN_25
MET009,1743.0,847.0,16,3,1,05_JUN_25,S09c_Beh_05_JUN_25
MET021,1612.0,717.0,1,3,1,01_MAY_25,S21c_Beh_01_MAY_25
MET021,2172.0,767.0,2,3,1,01_MAY_25,S21c_Beh_01_MAY_25
MET021,2295.0,631.0,3,3,1,01_MAY_25,S21c_Beh_01_MAY_25
MET021,2108.0,826.0,4,3,1,01_MAY_25,S21c_Beh_01_MAY_25
MET021,1947.0,832.0,5,3,1,01_MAY_25,S21c_Beh_01_MAY_25
MET021,1781.0,745.0,6,3,1,01_MAY_25,S21c_Beh_01_MAY_25
MET021,2330.0,674.0,7,3,1,01_MAY_25,S21c_Beh_01_MAY_25
MET021,1945.0,815.0,8,3,1,01_MAY_25,S21c_Beh_01_MAY_25
MET021,2438.0,798.0,9,3,1,01_MAY_25,S21c_Beh_01_MAY_25
MET021,2075.0,945.0,10,3,1,01_MAY_25,S21c_Beh_01_MAY_25
MET021,2627.0,1024.0,11,3,1,01_MAY_25,S21c_Beh_01_MAY_25
MET021,2253.0,1098.0,12,3,1,01_MAY_25,S21c_Beh_01_MAY_25
MET021,1945.0,768.0,13,3,1,01_MAY_25,S21c_Beh_01_MAY_25
MET021,2312.0,924.0,14,3,1,01_MAY_25,S21c_Beh_01_MAY_25
MET021,1897.0,654.0,15,3,1,01_MAY_25,S21c_Beh_01_MAY_25
MET029,2076.0,682.0,1,1,2,09_JUN_25,S29_Beh_09_JUN_25
MET029,2638.0,964.0,2,1,2,09_JUN_25,S29_Beh_09_JUN_25
MET029,2029.0,779.0,3,1,2,09_JUN_25,S29_Beh_09_JUN_25
MET029,2166.0,675.0,4,1,2,09_JUN_25,S29_Beh_09_JUN_25
MET029,1589.0,1195.0,5,1,2,09_JUN_25,S29_Beh_09_JUN_25
MET029,1899.0,865.0,6,1,2,09_JUN_25,S29_Beh_09_JUN_25
MET029,2917.0,1114.0,7,1,2,09_JUN_25,S29_Beh_09_JUN_25
MET029,2906.0,721.0,8,1,2,09_JUN_25,S29_Beh_09_JUN_25
MET029,2338.0,1022.0,9,1,2,09_JUN_25,S29_Beh_09_JUN_25
MET029,1600.0,1211.0,10,1,2,09_JUN_25,S29_Beh_09_JUN_25
MET029,2601.0,1317.0,11,1,2,09_JUN_25,S29_Beh_09_JUN_25
MET029,1881.0,815.0,12,1,2,09_JUN_25,S29_Beh_09_JUN_25
MET029,2518.0,473.0,13,1,2,09_JUN_25,S29_Beh_09_JUN_25
MET029,1656.0,940.0,14,1,2,09_JUN_25,S29_Beh_09_JUN_25
MET029,1046.0,1648.0,15,1,2,09_JUN_25,S29_Beh_09_JUN_25
MET029,2099.0,1462.0,16,1,2,09_JUN_25,S29_Beh_09_JUN_25
MET029,655.0,1724.0,17,1,2,09_JUN_25,S29_Beh_09_JUN_25
MET029,900.0,1592.0,18,1,2,09_JUN_25,S29_Beh_09_JUN_25
MET029,2659.0,1985.0,19,1,2,09_JUN_25,S29_Beh_09_JUN_25
MET029,2062.0,1018.0,20,1,2,09_JUN_25,S29_Beh_09_JUN_25
MET030,2192.0,1463.0,1,1,3,25_JUN_25,S30_Beh_25_JUN_25PD
MET030,2043.0,1428.0,2,1,3,25_JUN_25,S30_Beh_25_JUN_25PD
MET030,2218.0,1502.0,3,1,3,25_JUN_25,S30_Beh_25_JUN_25PD
MET030,2708.0,1855.0,4,1,3,25_JUN_25,S30_Beh_25_JUN_25PD
MET030,2437.0,1891.0,5,1,3,25_JUN_25,S30_Beh_25_JUN_25PD
MET030,1366.0,1503.0,6,1,3,25_JUN_25,S30_Beh_25_JUN_25PD
MET030,2393.0,2313.0,7,1,3,25_JUN_25,S30_Beh_25_JUN_25PD
MET030,2975.0,2202.0,8,1,3,25_JUN_25,S30_Beh_25_JUN_25PD
MET030,1177.0,1305.0,9,1,3,25_JUN_25,S30_Beh_25_JUN_25PD
MET030,626.0,1660.0,10,1,3,25_JUN_25,S30_Beh_25_JUN_25PD
MET030,2311.0,1578.0,11,1,3,25_JUN_25,S30_Beh_25_JUN_25PD
MET030,1662.0,1186.0,12,1,3,25_JUN_25,S30_Beh_25_JUN_25PD
MET030,2790.0,2041.0,13,1,3,25_JUN_25,S30_Beh_25_JUN_25PD
MET030,2895.0,2049.0,14,1,3,25_JUN_25,S30_Beh_25_JUN_25PD
MET030,2637.0,1854.0,15,1,3,25_JUN_25,S30_Beh_25_JUN_25PD
MET030,2839.0,1169.0,1,2,3,02_JUL_25,S30b_Beh_02_JUL_25PD
MET030,1837.0,813.0,2,2,3,02_JUL_25,S30b_Beh_02_JUL_25PD
MET030,1895.0,813.0,3,2,3,02_JUL_25,S30b_Beh_02_JUL_25PD
MET030,2473.0,928.0,4,2,3,02_JUL_25,S30b_Beh_02_JUL_25PD
MET030,1730.0,886.0,5,2,3,02_JUL_25,S30b_Beh_02_JUL_25PD
MET030,2316.0,990.0,6,2,3,02_JUL_25,S30b_Beh_02_JUL_25PD
MET030,1727.0,765.0,7,2,3,02_JUL_25,S30b_Beh_02_JUL_25PD
MET030,1316.0,1077.0,8,2,3,02_JUL_25,S30b_Beh_02_JUL_25PD
MET030,1675.0,462.0,9,2,3,02_JUL_25,S30b_Beh_02_JUL_25PD
MET030,2066.0,602.0,10,2,3,02_JUL_25,S30b_Beh_02_JUL_25PD
MET030,1779.0,796.0,11,2,3,02_JUL_25,S30b_Beh_02_JUL_25PD
MET030,2302.0,927.0,12,2,3,02_JUL_25,S30b_Beh_02_JUL_25PD
MET030,2145.0,900.0,13,2,3,02_JUL_25,S30b_Beh_02_JUL_25PD
MET030,2179.0,1062.0,14,2,3,02_JUL_25,S30b_Beh_02_JUL_25PD
MET030,1796.0,835.0,15,2,3,02_JUL_25,S30b_Beh_02_JUL_25PD
MET012,2106.0,852.0,1,3,1,02_JUL_25,S12c_Beh_02_JUL_25
MET012,2136.0,879.0,2,3,1,02_JUL_25,S12c_Beh_02_JUL_25
MET012,2148.0,793.0,3,3,1,02_JUL_25,S12c_Beh_02_JUL_25
MET012,1985.0,830.0,4,3,1,02_JUL_25,S12c_Beh_02_JUL_25
MET012,1869.0,848.0,5,3,1,02_JUL_25,S12c_Beh_02_JUL_25
MET012,2311.0,902.0,6,3,1,02_JUL_25,S12c_Beh_02_JUL_25
MET012,1727.0,816.0,7,3,1,02_JUL_25,S12c_Beh_02_JUL_25
MET012,2214.0,846.0,8,3,1,02_JUL_25,S12c_Beh_02_JUL_25
MET012,1916.0,819.0,9,3,1,02_JUL_25,S12c_Beh_02_JUL_25
MET012,1860.0,769.0,10,3,1,02_JUL_25,S12c_Beh_02_JUL_25
MET012,2026.0,851.0,11,3,1,02_JUL_25,S12c_Beh_02_JUL_25
MET012,1886.0,867.0,12,3,1,02_JUL_25,S12c_Beh_02_JUL_25
MET012,1874.0,845.0,13,3,1,02_JUL_25,S12c_Beh_02_JUL_25
MET012,2078.0,938.0,14,3,1,02_JUL_25,S12c_Beh_02_JUL_25
MET012,1737.0,757.0,15,3,1,02_JUL_25,S12c_Beh_02_JUL_25
MET012,2084.0,907.0,16,3,1,02_JUL_25,S12c_Beh_02_JUL_25
MET019,1870.0,778.0,1,2,4,03_JUL_25,S19b_Beh_03_JUL_25
MET019,2714.0,1175.0,2,2,4,03_JUL_25,S19b_Beh_03_JUL_25
MET019,1516.0,519.0,3,2,4,03_JUL_25,S19b_Beh_03_JUL_25
MET019,1514.0,724.0,4,2,4,03_JUL_25,S19b_Beh_03_JUL_25
MET019,1690.0,846.0,5,2,4,03_JUL_25,S19b_Beh_03_JUL_25
MET019,2135.0,1346.0,6,2,4,03_JUL_25,S19b_Beh_03_JUL_25
MET019,946.0,610.0,7,2,4,03_JUL_25,S19b_Beh_03_JUL_25
MET019,2119.0,1096.0,8,2,4,03_JUL_25,S19b_Beh_03_JUL_25
MET019,1796.0,754.0,9,2,4,03_JUL_25,S19b_Beh_03_JUL_25
MET019,1765.0,736.0,10,2,4,03_JUL_25,S19b_Beh_03_JUL_25
MET019,1741.0,937.0,11,2,4,03_JUL_25,S19b_Beh_03_JUL_25
MET019,1788.0,833.0,12,2,4,03_JUL_25,S19b_Beh_03_JUL_25
MET019,2327.0,1172.0,13,2,4,03_JUL_25,S19b_Beh_03_JUL_25
MET019,2219.0,712.0,14,2,4,03_JUL_25,S19b_Beh_03_JUL_25
MET019,2828.0,1006.0,15,2,4,03_JUL_25,S19b_Beh_03_JUL_25
MET019,1714.0,651.0,16,2,4,03_JUL_25,S19b_Beh_03_JUL_25
MET031,1541.0,910.0,1,1,2,08_JUL_25,S31_Beh_08_JUL_25
MET031,1861.0,730.0,2,1,2,08_JUL_25,S31_Beh_08_JUL_25
MET031,527.0,982.0,3,1,2,08_JUL_25,S31_Beh_08_JUL_25
MET031,2803.0,809.0,4,1,2,08_JUL_25,S31_Beh_08_JUL_25
MET031,2042.0,1043.0,5,1,2,08_JUL_25,S31_Beh_08_JUL_25
MET031,297.0,1190.0,6,1,2,08_JUL_25,S31_Beh_08_JUL_25
MET031,2675.0,621.0,7,1,2,08_JUL_25,S31_Beh_08_JUL_25
MET031,84.0,965.0,8,1,2,08_JUL_25,S31_Beh_08_JUL_25
MET031,2415.0,812.0,9,1,2,08_JUL_25,S31_Beh_08_JUL_25
MET031,1100.0,1039.0,10,1,2,08_JUL_25,S31_Beh_08_JUL_25
MET031,2673.0,682.0,11,1,2,08_JUL_25,S31_Beh_08_JUL_25
MET031,2216.0,808.0,12,1,2,08_JUL_25,S31_Beh_08_JUL_25
MET031,2756.0,835.0,13,1,2,08_JUL_25,S31_Beh_08_JUL_25
MET031,2401.0,700.0,14,1,2,08_JUL_25,S31_Beh_08_JUL_25
MET031,2478.0,665.0,15,1,2,08_JUL_25,S31_Beh_08_JUL_25
MET031,1125.0,996.0,16,1,2,08_JUL_25,S31_Beh_08_JUL_25
MET031,2520.0,814.0,17,1,2,08_JUL_25,S31_Beh_08_JUL_25
MET031,2204.0,877.0,18,1,2,08_JUL_25,S31_Beh_08_JUL_25
MET031,2590.0,797.0,19,1,2,08_JUL_25,S31_Beh_08_JUL_25
MET031,2178.0,969.0,20,1,2,08_JUL_25,S31_Beh_08_JUL_25
MET030,1974.0,1057.0,1,3,3,09_JUL_25,S30c_Beh_09_JUL_25PD
MET030,1439.0,669.0,2,3,3,09_JUL_25,S30c_Beh_09_JUL_25PD
MET030,1736.0,635.0,3,3,3,09_JUL_25,S30c_Beh_09_JUL_25PD
MET030,1379.0,690.0,4,3,3,09_JUL_25,S30c_Beh_09_JUL_25PD
MET030,1689.0,898.0,5,3,3,09_JUL_25,S30c_Beh_09_JUL_25PD
MET030,1353.0,733.0,6,3,3,09_JUL_25,S30c_Beh_09_JUL_25PD
MET030,2012.0,997.0,7,3,3,09_JUL_25,S30c_Beh_09_JUL_25PD
MET030,1752.0,870.0,8,3,3,09_JUL_25,S30c_Beh_09_JUL_25PD
MET030,2269.0,1146.0,9,3,3,09_JUL_25,S30c_Beh_09_JUL_25PD
MET030,1464.0,869.0,10,3,3,09_JUL_25,S30c_Beh_09_JUL_25PD
MET030,1034.0,424.0,11,3,3,09_JUL_25,S30c_Beh_09_JUL_25PD
MET030,2489.0,960.0,12,3,3,09_JUL_25,S30c_Beh_09_JUL_25PD
MET030,1687.0,796.0,13,3,3,09_JUL_25,S30c_Beh_09_JUL_25PD
MET030,1872.0,893.0,14,3,3,09_JUL_25,S30c_Beh_09_JUL_25PD
MET030,1719.0,755.0,15,3,3,09_JUL_25,S30c_Beh_09_JUL_25PD
MET030,1816.0,776.0,16,3,3,09_JUL_25,S30c_Beh_09_JUL_25PD
MET032,903.0,1528.0,1,1,2,16_JUL_25,S32_Beh_16_JUL_25
MET032,503.0,1877.0,2,1,2,16_JUL_25,S32_Beh_16_JUL_25
MET032,533.0,1675.0,3,1,2,16_JUL_25,S32_Beh_16_JUL_25
MET032,1108.0,1254.0,4,1,2,16_JUL_25,S32_Beh_16_JUL_25
MET032,944.0,1816.0,5,1,2,16_JUL_25,S32_Beh_16_JUL_25
MET032,1493.0,1462.0,6,1,2,16_JUL_25,S32_Beh_16_JUL_25
MET032,407.0,2272.0,7,1,2,16_JUL_25,S32_Beh_16_JUL_25
MET032,2028.0,744.0,8,1,2,16_JUL_25,S32_Beh_16_JUL_25
MET032,421.0,2318.0,9,1,2,16_JUL_25,S32_Beh_16_JUL_25
MET032,130.0,2300.0,10,1,2,16_JUL_25,S32_Beh_16_JUL_25
MET032,1157.0,1132.0,11,1,2,16_JUL_25,S32_Beh_16_JUL_25
MET032,1870.0,1135.0,12,1,2,16_JUL_25,S32_Beh_16_JUL_25
MET032,2207.0,423.0,13,1,2,16_JUL_25,S32_Beh_16_JUL_25
MET032,105.0,2319.0,14,1,2,16_JUL_25,S32_Beh_16_JUL_25
MET032,809.0,1581.0,15,1,2,16_JUL_25,S32_Beh_16_JUL_25
MET032,925.0,1460.0,16,1,2,16_JUL_25,S32_Beh_16_JUL_25
MET033,2037.0,716.0,1,1,2,17_JUL_25,S33_Beh_17_JUL_25
MET033,2439.0,438.0,2,1,2,17_JUL_25,S33_Beh_17_JUL_25
MET033,2404.0,46.0,3,1,2,17_JUL_25,S33_Beh_17_JUL_25
MET033,1612.0,1165.0,4,1,2,17_JUL_25,S33_Beh_17_JUL_25
MET033,1963.0,763.0,5,1,2,17_JUL_25,S33_Beh_17_JUL_25
MET033,592.0,1795.0,6,1,2,17_JUL_25,S33_Beh_17_JUL_25
MET033,1144.0,1439.0,7,1,2,17_JUL_25,S33_Beh_17_JUL_25
MET033,2049.0,695.0,8,1,2,17_JUL_25,S33_Beh_17_JUL_25
MET033,1815.0,973.0,9,1,2,17_JUL_25,S33_Beh_17_JUL_25
MET033,503.0,2110.0,10,1,2,17_JUL_25,S33_Beh_17_JUL_25
MET033,2174.0,511.0,11,1,2,17_JUL_25,S33_Beh_17_JUL_25
MET033,1697.0,823.0,12,1,2,17_JUL_25,S33_Beh_17_JUL_25
MET033,1968.0,708.0,13,1,2,17_JUL_25,S33_Beh_17_JUL_25
MET033,2311.0,247.0,14,1,2,17_JUL_25,S33_Beh_17_JUL_25
MET033,1769.0,1021.0,15,1,2,17_JUL_25,S33_Beh_17_JUL_25
MET033,2341.0,409.0,16,1,2,17_JUL_25,S33_Beh_17_JUL_25
MET033,494.0,2172.0,17,1,2,17_JUL_25,S33_Beh_17_JUL_25
MET033,2228.0,632.0,18,1,2,17_JUL_25,S33_Beh_17_JUL_25
MET033,1708.0,992.0,19,1,2,17_JUL_25,S33_Beh_17_JUL_25
MET033,2015.0,689.0,20,1,2,17_JUL_25,S33_Beh_17_JUL_25
MET034,378.0,2201.0,1,1,2,21_JUL_25,S34_Beh_21_JUL_25
MET034,406.0,2108.0,2,1,2,21_JUL_25,S34_Beh_21_JUL_25
MET034,110.0,2109.0,3,1,2,21_JUL_25,S34_Beh_21_JUL_25
MET034,1456.0,1408.0,4,1,2,21_JUL_25,S34_Beh_21_JUL_25
MET034,1289.0,1349.0,5,1,2,21_JUL_25,S34_Beh_21_JUL_25
MET034,1365.0,1628.0,6,1,2,21_JUL_25,S34_Beh_21_JUL_25
MET034,844.0,1697.0,7,1,2,21_JUL_25,S34_Beh_21_JUL_25
MET034,686.0,1788.0,8,1,2,21_JUL_25,S34_Beh_21_JUL_25
MET034,421.0,1999.0,9,1,2,21_JUL_25,S34_Beh_21_JUL_25
MET034,503.0,1799.0,10,1,2,21_JUL_25,S34_Beh_21_JUL_25
MET034,721.0,2004.0,11,1,2,21_JUL_25,S34_Beh_21_JUL_25
MET034,362.0,2109.0,12,1,2,21_JUL_25,S34_Beh_21_JUL_25
MET034,938.0,1250.0,13,1,2,21_JUL_25,S34_Beh_21_JUL_25
MET034,226.0,2237.0,14,1,2,21_JUL_25,S34_Beh_21_JUL_25
MET034,1390.0,1285.0,15,1,2,21_JUL_25,S34_Beh_21_JUL_25
MET034,2070.0,958.0,16,1,2,21_JUL_25,S34_Beh_21_JUL_25
MET034,1785.0,1223.0,17,1,2,21_JUL_25,S34_Beh_21_JUL_25
MET034,284.0,2211.0,18,1,2,21_JUL_25,S34_Beh_21_JUL_25
MET034,624.0,1646.0,19,1,2,21_JUL_25,S34_Beh_21_JUL_25
MET034,1576.0,1048.0,20,1,2,21_JUL_25,S34_Beh_21_JUL_25
MET035,2432.0,529.0,1,1,2,29_JUL_25,S35_Beh_29_JUL_25
MET035,1551.0,1285.0,2,1,2,29_JUL_25,S35_Beh_29_JUL_25
MET035,835.0,1019.0,3,1,2,29_JUL_25,S35_Beh_29_JUL_25
MET035,2307.0,869.0,4,1,2,29_JUL_25,S35_Beh_29_JUL_25
MET035,2873.0,712.0,5,1,2,29_JUL_25,S35_Beh_29_JUL_25
MET035,621.0,1131.0,6,1,2,29_JUL_25,S35_Beh_29_JUL_25
MET035,2801.0,670.0,7,1,2,29_JUL_25,S35_Beh_29_JUL_25
MET035,2662.0,618.0,8,1,2,29_JUL_25,S35_Beh_29_JUL_25
MET035,2609.0,782.0,9,1,2,29_JUL_25,S35_Beh_29_JUL_25
MET035,503.0,784.0,10,1,2,29_JUL_25,S35_Beh_29_JUL_25
MET035,730.0,702.0,11,1,2,29_JUL_25,S35_Beh_29_JUL_25
MET035,1899.0,829.0,12,1,2,29_JUL_25,S35_Beh_29_JUL_25
MET035,628.0,1039.0,13,1,2,29_JUL_25,S35_Beh_29_JUL_25
MET035,1413.0,1065.0,14,1,2,29_JUL_25,S35_Beh_29_JUL_25
MET035,174.0,1421.0,15,1,2,29_JUL_25,S35_Beh_29_JUL_25
MET035,1850.0,911.0,16,1,2,29_JUL_25,S35_Beh_29_JUL_25
MET035,290.0,1086.0,17,1,2,29_JUL_25,S35_Beh_29_JUL_25
MET035,2280.0,428.0,18,1,2,29_JUL_25,S35_Beh_29_JUL_25
MET035,814.0,653.0,19,1,2,29_JUL_25,S35_Beh_29_JUL_25
MET035,1557.0,1122.0,20,1,2,29_JUL_25,S35_Beh_29_JUL_25
MET036,2719.0,624.0,1,1,2,05_AUG_25,S36_Beh_05_AUG_25
MET036,503.0,872.0,2,1,2,05_AUG_25,S36_Beh_05_AUG_25
MET036,2419.0,576.0,3,1,2,05_AUG_25,S36_Beh_05_AUG_25
MET036,2139.0,750.0,4,1,2,05_AUG_25,S36_Beh_05_AUG_25
MET036,1182.0,975.0,5,1,2,05_AUG_25,S36_Beh_05_AUG_25
MET036,615.0,932.0,6,1,2,05_AUG_25,S36_Beh_05_AUG_25
MET036,788.0,966.0,7,1,2,05_AUG_25,S36_Beh_05_AUG_25
MET036,1594.0,810.0,8,1,2,05_AUG_25,S36_Beh_05_AUG_25
MET036,1460.0,860.0,9,1,2,05_AUG_25,S36_Beh_05_AUG_25
MET036,1580.0,799.0,10,1,2,05_AUG_25,S36_Beh_05_AUG_25
MET036,2021.0,791.0,11,1,2,05_AUG_25,S36_Beh_05_AUG_25
MET036,812.0,923.0,12,1,2,05_AUG_25,S36_Beh_05_AUG_25
MET036,224.0,998.0,13,1,2,05_AUG_25,S36_Beh_05_AUG_25
MET036,2579.0,726.0,14,1,2,05_AUG_25,S36_Beh_05_AUG_25
MET036,223.0,1019.0,15,1,2,05_AUG_25,S36_Beh_05_AUG_25
MET036,2741.0,733.0,16,1,2,05_AUG_25,S36_Beh_05_AUG_25
MET036,284.0,957.0,17,1,2,05_AUG_25,S36_Beh_05_AUG_25
MET036,225.0,1022.0,18,1,2,05_AUG_25,S36_Beh_05_AUG_25
MET036,2502.0,702.0,19,1,2,05_AUG_25,S36_Beh_05_AUG_25
MET036,480.0,1044.0,20,1,2,05_AUG_25,S36_Beh_05_AUG_25
MET037,37.0,1768.0,1,1,3,11_FEB_26,S37_Beh_11_FEB_26
MET037,2626.0,684.0,2,1,3,11_FEB_26,S37_Beh_11_FEB_26
MET037,1876.0,928.0,3,1,3,11_FEB_26,S37_Beh_11_FEB_26
MET037,1787.0,938.0,4,1,3,11_FEB_26,S37_Beh_11_FEB_26
MET037,2435.0,757.0,5,1,3,11_FEB_26,S37_Beh_11_FEB_26
MET037,2635.0,809.0,6,1,3,11_FEB_26,S37_Beh_11_FEB_26
MET037,1963.0,1144.0,7,1,3,11_FEB_26,S37_Beh_11_FEB_26
MET037,2286.0,778.0,8,1,3,11_FEB_26,S37_Beh_11_FEB_26
MET037,2470.0,869.0,9,1,3,11_FEB_26,S37_Beh_11_FEB_26
MET037,1853.0,1046.0,10,1,3,11_FEB_26,S37_Beh_11_FEB_26
MET037,2884.0,557.0,11,1,3,11_FEB_26,S37_Beh_11_FEB_26
MET037,2113.0,679.0,12,1,3,11_FEB_26,S37_Beh_11_FEB_26
MET037,2587.0,1044.0,13,1,3,11_FEB_26,S37_Beh_11_FEB_26
MET037,1980.0,627.0,14,1,3,11_FEB_26,S37_Beh_11_FEB_26
MET037,1897.0,757.0,15,1,3,11_FEB_26,S37_Beh_11_FEB_26
MET037,2136.0,1002.0,16,1,3,11_FEB_26,S37_Beh_11_FEB_26
MET037,2870.0,693.0,17,1,3,11_FEB_26,S37_Beh_11_FEB_26
MET037,1819.0,988.0,18,1,3,11_FEB_26,S37_Beh_11_FEB_26
MET037,2478.0,877.0,19,1,3,11_FEB_26,S37_Beh_11_FEB_26
MET037,2396.0,782.0,20,1,3,11_FEB_26,S37_Beh_11_FEB_26
MET038,1473.0,1040.0,1,1,3,26_FEB_26,S38_Beh_26_FEB_26
MET038,2250.0,974.0,2,1,3,26_FEB_26,S38_Beh_26_FEB_26
MET038,1845.0,872.0,3,1,3,26_FEB_26,S38_Beh_26_FEB_26
MET038,1596.0,1003.0,4,1,3,26_FEB_26,S38_Beh_26_FEB_26
MET038,1888.0,927.0,5,1,3,26_FEB_26,S38_Beh_26_FEB_26
MET038,1389.0,1015.0,6,1,3,26_FEB_26,S38_Beh_26_FEB_26
MET038,1853.0,877.0,7,1,3,26_FEB_26,S38_Beh_26_FEB_26
MET038,998.0,1153.0,8,1,3,26_FEB_26,S38_Beh_26_FEB_26
MET038,1514.0,1071.0,9,1,3,26_FEB_26,S38_Beh_26_FEB_26
MET038,2141.0,948.0,10,1,3,26_FEB_26,S38_Beh_26_FEB_26
MET038,1552.0,1196.0,11,1,3,26_FEB_26,S38_Beh_26_FEB_26
MET038,2526.0,833.0,12,1,3,26_FEB_26,S38_Beh_26_FEB_26
MET038,2304.0,979.0,13,1,3,26_FEB_26,S38_Beh_26_FEB_26
MET038,1936.0,935.0,14,1,3,26_FEB_26,S38_Beh_26_FEB_26
MET038,1914.0,971.0,15,1,3,26_FEB_26,S38_Beh_26_FEB_26
MET038,1803.0,879.0,16,1,3,26_FEB_26,S38_Beh_26_FEB_26
MET038,1817.0,853.0,17,1,3,26_FEB_26,S38_Beh_26_FEB_26
MET038,1826.0,939.0,18,1,3,26_FEB_26,S38_Beh_26_FEB_26
MET038,2061.0,913.0,19,1,3,26_FEB_26,S38_Beh_26_FEB_26
MET038,1674.0,1147.0,20,1,3,26_FEB_26,S38_Beh_26_FEB_26
MET039,1596.0,830.0,1,1,3,02_MAR_26,S39_Beh_02_MAR_26
MET039,2054.0,870.0,2,1,3,02_MAR_26,S39_Beh_02_MAR_26
MET039,1442.0,1188.0,3,1,3,02_MAR_26,S39_Beh_02_MAR_26
MET039,2058.0,986.0,4,1,3,02_MAR_26,S39_Beh_02_MAR_26
MET039,1482.0,1008.0,5,1,3,02_MAR_26,S39_Beh_02_MAR_26
MET039,1321.0,876.0,6,1,3,02_MAR_26,S39_Beh_02_MAR_26
MET039,2338.0,1232.0,7,1,3,02_MAR_26,S39_Beh_02_MAR_26
MET039,1525.0,1308.0,8,1,3,02_MAR_26,S39_Beh_02_MAR_26
MET039,1234.0,1140.0,9,1,3,02_MAR_26,S39_Beh_02_MAR_26
MET039,1599.0,944.0,10,1,3,02_MAR_26,S39_Beh_02_MAR_26
MET039,1500.0,1270.0,11,1,3,02_MAR_26,S39_Beh_02_MAR_26
MET039,2960.0,1433.0,12,1,3,02_MAR_26,S39_Beh_02_MAR_26
MET039,2300.0,1152.0,13,1,3,02_MAR_26,S39_Beh_02_MAR_26
MET039,2390.0,806.0,14,1,3,02_MAR_26,S39_Beh_02_MAR_26
MET039,1642.0,811.0,15,1,3,02_MAR_26,S39_Beh_02_MAR_26
MET039,1487.0,866.0,16,1,3,02_MAR_26,S39_Beh_02_MAR_26
MET039,2746.0,560.0,17,1,3,02_MAR_26,S39_Beh_02_MAR_26
MET039,1896.0,713.0,18,1,3,02_MAR_26,S39_Beh_02_MAR_26
MET039,1713.0,1072.0,19,1,3,02_MAR_26,S39_Beh_02_MAR_26
MET039,1559.0,894.0,20,1,3,02_MAR_26,S39_Beh_02_MAR_26
MET038,1760.0,779.0,1,2,3,05_MAR_26,S38b_Beh_05_MAR_26PD
MET038,1807.0,957.0,2,2,3,05_MAR_26,S38b_Beh_05_MAR_26PD
MET038,1686.0,1044.0,3,2,3,05_MAR_26,S38b_Beh_05_MAR_26PD
MET038,1464.0,1224.0,4,2,3,05_MAR_26,S38b_Beh_05_MAR_26PD
MET038,1643.0,1272.0,5,2,3,05_MAR_26,S38b_Beh_05_MAR_26PD
MET038,1937.0,1105.0,6,2,3,05_MAR_26,S38b_Beh_05_MAR_26PD
MET038,2179.0,1054.0,7,2,3,05_MAR_26,S38b_Beh_05_MAR_26PD
MET038,1383.0,990.0,8,2,3,05_MAR_26,S38b_Beh_05_MAR_26PD
MET038,1758.0,1011.0,9,2,3,05_MAR_26,S38b_Beh_05_MAR_26PD
MET038,1707.0,1059.0,10,2,3,05_MAR_26,S38b_Beh_05_MAR_26PD
MET038,1519.0,1143.0,11,2,3,05_MAR_26,S38b_Beh_05_MAR_26PD
MET038,1984.0,1139.0,12,2,3,05_MAR_26,S38b_Beh_05_MAR_26PD
MET038,1954.0,982.0,13,2,3,05_MAR_26,S38b_Beh_05_MAR_26PD
MET038,1733.0,1041.0,14,2,3,05_MAR_26,S38b_Beh_05_MAR_26PD
MET038,1415.0,1170.0,15,2,3,05_MAR_26,S38b_Beh_05_MAR_26PD
MET038,1572.0,1009.0,16,2,3,05_MAR_26,S38b_Beh_05_MAR_26PD
MET038,1718.0,1113.0,17,2,3,05_MAR_26,S38b_Beh_05_MAR_26PD
MET038,1728.0,1115.0,18,2,3,05_MAR_26,S38b_Beh_05_MAR_26PD
MET038,1649.0,979.0,19,2,3,05_MAR_26,S38b_Beh_05_MAR_26PD
MET038,2086.0,979.0,20,2,3,05_MAR_26,S38b_Beh_05_MAR_26PD
MET038,1972.0,1235.0,1,3,3,10_MAR_26,S38c_Beh_10_MAR_26PD
MET038,1945.0,1039.0,2,3,3,10_MAR_26,S38c_Beh_10_MAR_26PD
MET038,1925.0,1051.0,3,3,3,10_MAR_26,S38c_Beh_10_MAR_26PD
MET038,1611.0,970.0,4,3,3,10_MAR_26,S38c_Beh_10_MAR_26PD
MET038,1832.0,1107.0,5,3,3,10_MAR_26,S38c_Beh_10_MAR_26PD
MET038,1590.0,1210.0,6,3,3,10_MAR_26,S38c_Beh_10_MAR_26PD
MET038,1297.0,1208.0,7,3,3,10_MAR_26,S38c_Beh_10_MAR_26PD
MET038,1943.0,888.0,8,3,3,10_MAR_26,S38c_Beh_10_MAR_26PD
MET038,1556.0,1108.0,9,3,3,10_MAR_26,S38c_Beh_10_MAR_26PD
MET038,1826.0,966.0,10,3,3,10_MAR_26,S38c_Beh_10_MAR_26PD
MET038,1557.0,1179.0,11,3,3,10_MAR_26,S38c_Beh_10_MAR_26PD
MET038,1806.0,1121.0,12,3,3,10_MAR_26,S38c_Beh_10_MAR_26PD
MET038,1524.0,1020.0,13,3,3,10_MAR_26,S38c_Beh_10_MAR_26PD
MET038,1683.0,1202.0,14,3,3,10_MAR_26,S38c_Beh_10_MAR_26PD
MET038,1618.0,1024.0,15,3,3,10_MAR_26,S38c_Beh_10_MAR_26PD
MET038,1341.0,1199.0,16,3,3,10_MAR_26,S38c_Beh_10_MAR_26PD
MET038,1498.0,1102.0,17,3,3,10_MAR_26,S38c_Beh_10_MAR_26PD
MET038,1849.0,1125.0,18,3,3,10_MAR_26,S38c_Beh_10_MAR_26PD
MET038,1815.0,898.0,19,3,3,10_MAR_26,S38c_Beh_10_MAR_26PD
MET038,1666.0,1081.0,20,3,3,10_MAR_26,S38c_Beh_10_MAR_26PD
MET040,1008.0,2380.0,1,1,3,11_MAR_26,S40_Beh_11_MAR_26
MET040,961.0,2332.0,2,1,3,11_MAR_26,S40_Beh_11_MAR_26
MET040,2632.0,8.0,3,1,3,11_MAR_26,S40_Beh_11_MAR_26
MET040,1604.0,1269.0,4,1,3,11_MAR_26,S40_Beh_11_MAR_26
MET040,1527.0,1015.0,5,1,3,11_MAR_26,S40_Beh_11_MAR_26
MET040,2904.0,87.0,6,1,3,11_MAR_26,S40_Beh_11_MAR_26
MET040,2821.0,1894.0,7,1,3,11_MAR_26,S40_Beh_11_MAR_26
MET040,1237.0,1305.0,8,1,3,11_MAR_26,S40_Beh_11_MAR_26
MET040,977.0,1242.0,9,1,3,11_MAR_26,S40_Beh_11_MAR_26
MET040,2992.0,246.0,10,1,3,11_MAR_26,S40_Beh_11_MAR_26
MET040,2300.0,1826.0,11,1,3,11_MAR_26,S40_Beh_11_MAR_26
MET040,2212.0,65.0,12,1,3,11_MAR_26,S40_Beh_11_MAR_26
MET040,1884.0,1136.0,13,1,3,11_MAR_26,S40_Beh_11_MAR_26
MET040,1355.0,2325.0,14,1,3,11_MAR_26,S40_Beh_11_MAR_26
MET040,2111.0,2028.0,15,1,3,11_MAR_26,S40_Beh_11_MAR_26
MET040,2918.0,285.0,16,1,3,11_MAR_26,S40_Beh_11_MAR_26
MET040,2860.0,116.0,17,1,3,11_MAR_26,S40_Beh_11_MAR_26
MET040,2338.0,1756.0,18,1,3,11_MAR_26,S40_Beh_11_MAR_26
MET040,81.0,2313.0,19,1,3,11_MAR_26,S40_Beh_11_MAR_26
MET040,1567.0,610.0,20,1,3,11_MAR_26,S40_Beh_11_MAR_26
MET039,1673.0,986.0,1,2,3,16_MAR_26,S39b_Beh_16_MAR_26
MET039,2493.0,968.0,2,2,3,16_MAR_26,S39b_Beh_16_MAR_26
MET039,1673.0,908.0,3,2,3,16_MAR_26,S39b_Beh_16_MAR_26
MET039,1527.0,762.0,4,2,3,16_MAR_26,S39b_Beh_16_MAR_26
MET039,1644.0,923.0,5,2,3,16_MAR_26,S39b_Beh_16_MAR_26
MET039,1628.0,610.0,6,2,3,16_MAR_26,S39b_Beh_16_MAR_26
MET039,2206.0,812.0,7,2,3,16_MAR_26,S39b_Beh_16_MAR_26
MET039,1707.0,825.0,8,2,3,16_MAR_26,S39b_Beh_16_MAR_26
MET039,1597.0,1088.0,9,2,3,16_MAR_26,S39b_Beh_16_MAR_26
MET039,2029.0,1142.0,10,2,3,16_MAR_26,S39b_Beh_16_MAR_26
MET039,1687.0,867.0,11,2,3,16_MAR_26,S39b_Beh_16_MAR_26
MET039,2039.0,750.0,12,2,3,16_MAR_26,S39b_Beh_16_MAR_26
MET039,1763.0,705.0,13,2,3,16_MAR_26,S39b_Beh_16_MAR_26
MET039,1532.0,748.0,14,2,3,16_MAR_26,S39b_Beh_16_MAR_26
MET039,2031.0,838.0,15,2,3,16_MAR_26,S39b_Beh_16_MAR_26
MET039,1741.0,898.0,16,2,3,16_MAR_26,S39b_Beh_16_MAR_26
MET039,2223.0,736.0,17,2,3,16_MAR_26,S39b_Beh_16_MAR_26
MET039,1875.0,785.0,18,2,3,16_MAR_26,S39b_Beh_16_MAR_26
MET039,1691.0,673.0,19,2,3,16_MAR_26,S39b_Beh_16_MAR_26
MET039,2304.0,829.0,20,2,3,16_MAR_26,S39b_Beh_16_MAR_26
MET041,1868.0,1040.0,1,1,3,16_MAR_26,S41_Beh_16_MAR_26
MET041,1470.0,1081.0,2,1,3,16_MAR_26,S41_Beh_16_MAR_26
MET041,2253.0,835.0,3,1,3,16_MAR_26,S41_Beh_16_MAR_26
MET041,1527.0,1184.0,4,1,3,16_MAR_26,S41_Beh_16_MAR_26
MET041,1270.0,1240.0,5,1,3,16_MAR_26,S41_Beh_16_MAR_26
MET041,518.0,1790.0,6,1,3,16_MAR_26,S41_Beh_16_MAR_26
MET041,1634.0,1096.0,7,1,3,16_MAR_26,S41_Beh_16_MAR_26
MET041,1358.0,1304.0,8,1,3,16_MAR_26,S41_Beh_16_MAR_26
MET041,382.0,2153.0,9,1,3,16_MAR_26,S41_Beh_16_MAR_26
MET041,303.0,1843.0,10,1,3,16_MAR_26,S41_Beh_16_MAR_26
MET041,1735.0,944.0,11,1,3,16_MAR_26,S41_Beh_16_MAR_26
MET041,1859.0,1121.0,12,1,3,16_MAR_26,S41_Beh_16_MAR_26
MET041,1599.0,1024.0,13,1,3,16_MAR_26,S41_Beh_16_MAR_26
MET041,1673.0,1022.0,14,1,3,16_MAR_26,S41_Beh_16_MAR_26
MET041,1412.0,1306.0,15,1,3,16_MAR_26,S41_Beh_16_MAR_26
MET041,1395.0,1301.0,16,1,3,16_MAR_26,S41_Beh_16_MAR_26
MET041,2278.0,707.0,17,1,3,16_MAR_26,S41_Beh_16_MAR_26
MET041,1524.0,954.0,18,1,3,16_MAR_26,S41_Beh_16_MAR_26
MET041,705.0,1486.0,19,1,3,16_MAR_26,S41_Beh_16_MAR_26
MET041,723.0,1587.0,20,1,3,16_MAR_26,S41_Beh_16_MAR_26
MET037,2871.0,559.0,1,2,3,24_MAR_26,S37b_Beh_24_MAR_26
MET037,1986.0,864.0,2,2,3,24_MAR_26,S37b_Beh_24_MAR_26
MET037,1971.0,910.0,3,2,3,24_MAR_26,S37b_Beh_24_MAR_26
MET037,2012.0,853.0,4,2,3,24_MAR_26,S37b_Beh_24_MAR_26
MET037,2920.0,740.0,5,2,3,24_MAR_26,S37b_Beh_24_MAR_26
MET037,2074.0,874.0,6,2,3,24_MAR_26,S37b_Beh_24_MAR_26
MET037,1727.0,879.0,7,2,3,24_MAR_26,S37b_Beh_24_MAR_26
MET037,45.0,1724.0,8,2,3,24_MAR_26,S37b_Beh_24_MAR_26
MET037,2819.0,1124.0,9,2,3,24_MAR_26,S37b_Beh_24_MAR_26
MET037,1762.0,915.0,10,2,3,24_MAR_26,S37b_Beh_24_MAR_26
MET037,1730.0,835.0,11,2,3,24_MAR_26,S37b_Beh_24_MAR_26
MET037,1781.0,1159.0,12,2,3,24_MAR_26,S37b_Beh_24_MAR_26
MET037,1883.0,978.0,13,2,3,24_MAR_26,S37b_Beh_24_MAR_26
MET037,2475.0,700.0,14,2,3,24_MAR_26,S37b_Beh_24_MAR_26
MET037,1817.0,819.0,15,2,3,24_MAR_26,S37b_Beh_24_MAR_26
MET037,1270.0,1030.0,16,2,3,24_MAR_26,S37b_Beh_24_MAR_26
MET037,2442.0,1540.0,17,2,3,24_MAR_26,S37b_Beh_24_MAR_26
MET037,1736.0,902.0,18,2,3,24_MAR_26,S37b_Beh_24_MAR_26
MET037,2481.0,964.0,19,2,3,24_MAR_26,S37b_Beh_24_MAR_26
MET037,1902.0,1061.0,20,2,3,24_MAR_26,S37b_Beh_24_MAR_26
MET042,1874.0,900.0,1,1,3,26_MAR_26,S42_Beh_26_MAR_26
MET042,1911.0,982.0,2,1,3,26_MAR_26,S42_Beh_26_MAR_26
MET042,1958.0,853.0,3,1,3,26_MAR_26,S42_Beh_26_MAR_26
MET042,1823.0,927.0,4,1,3,26_MAR_26,S42_Beh_26_MAR_26
MET042,1959.0,924.0,5,1,3,26_MAR_26,S42_Beh_26_MAR_26
MET042,2288.0,800.0,6,1,3,26_MAR_26,S42_Beh_26_MAR_26
MET042,1933.0,831.0,7,1,3,26_MAR_26,S42_Beh_26_MAR_26
MET042,1869.0,904.0,8,1,3,26_MAR_26,S42_Beh_26_MAR_26
MET042,1988.0,858.0,9,1,3,26_MAR_26,S42_Beh_26_MAR_26
MET042,1429.0,1060.0,10,1,3,26_MAR_26,S42_Beh_26_MAR_26
MET042,2269.0,1067.0,11,1,3,26_MAR_26,S42_Beh_26_MAR_26
MET042,1936.0,834.0,12,1,3,26_MAR_26,S42_Beh_26_MAR_26
MET042,1850.0,918.0,13,1,3,26_MAR_26,S42_Beh_26_MAR_26
MET042,1788.0,905.0,14,1,3,26_MAR_26,S42_Beh_26_MAR_26
MET042,2175.0,1009.0,15,1,3,26_MAR_26,S42_Beh_26_MAR_26
MET042,1925.0,942.0,16,1,3,26_MAR_26,S42_Beh_26_MAR_26
MET042,1871.0,909.0,17,1,3,26_MAR_26,S42_Beh_26_MAR_26
MET042,1870.0,925.0,18,1,3,26_MAR_26,S42_Beh_26_MAR_26
MET039,2026.0,998.0,1,3,3,03_APR_26,S39c_Beh_03_APR_26
MET039,1919.0,721.0,2,3,3,03_APR_26,S39c_Beh_03_APR_26
MET039,2014.0,893.0,3,3,3,03_APR_26,S39c_Beh_03_APR_26
MET039,1288.0,872.0,4,3,3,03_APR_26,S39c_Beh_03_APR_26
MET039,1438.0,1010.0,5,3,3,03_APR_26,S39c_Beh_03_APR_26
MET039,1263.0,704.0,6,3,3,03_APR_26,S39c_Beh_03_APR_26
MET039,1052.0,852.0,7,3,3,03_APR_26,S39c_Beh_03_APR_26
MET039,1738.0,541.0,8,3,3,03_APR_26,S39c_Beh_03_APR_26
MET039,1566.0,1165.0,9,3,3,03_APR_26,S39c_Beh_03_APR_26
MET039,992.0,850.0,10,3,3,03_APR_26,S39c_Beh_03_APR_26
MET039,1497.0,996.0,11,3,3,03_APR_26,S39c_Beh_03_APR_26
MET039,1771.0,833.0,12,3,3,03_APR_26,S39c_Beh_03_APR_26
MET039,1310.0,651.0,13,3,3,03_APR_26,S39c_Beh_03_APR_26
MET039,1777.0,771.0,14,3,3,03_APR_26,S39c_Beh_03_APR_26
MET039,1634.0,733.0,15,3,3,03_APR_26,S39c_Beh_03_APR_26
MET039,1577.0,893.0,16,3,3,03_APR_26,S39c_Beh_03_APR_26
MET039,1369.0,544.0,17,3,3,03_APR_26,S39c_Beh_03_APR_26
MET039,1752.0,893.0,18,3,3,03_APR_26,S39c_Beh_03_APR_26
MET039,1574.0,710.0,19,3,3,03_APR_26,S39c_Beh_03_APR_26
MET039,1757.0,1087.0,20,3,3,03_APR_26,S39c_Beh_03_APR_26
MET040,37.0,2234.0,1,2,3,28_APR_26,S40b_Beh_28_APR_25
MET040,1538.0,1177.0,2,2,3,28_APR_26,S40b_Beh_28_APR_25
MET040,1587.0,828.0,3,2,3,28_APR_26,S40b_Beh_28_APR_25
MET040,2282.0,650.0,4,2,3,28_APR_26,S40b_Beh_28_APR_25
MET040,2012.0,1149.0,5,2,3,28_APR_26,S40b_Beh_28_APR_25
MET040,1703.0,998.0,6,2,3,28_APR_26,S40b_Beh_28_APR_25
MET040,1833.0,832.0,7,2,3,28_APR_26,S40b_Beh_28_APR_25
MET040,1907.0,1121.0,8,2,3,28_APR_26,S40b_Beh_28_APR_25
MET040,2573.0,693.0,9,2,3,28_APR_26,S40b_Beh_28_APR_25
MET040,99.0,2076.0,10,2,3,28_APR_26,S40b_Beh_28_APR_25
MET040,2088.0,1013.0,11,2,3,28_APR_26,S40b_Beh_28_APR_25
MET040,1662.0,1260.0,12,2,3,28_APR_26,S40b_Beh_28_APR_25
MET040,1712.0,1121.0,13,2,3,28_APR_26,S40b_Beh_28_APR_25
MET040,2169.0,1475.0,14,2,3,28_APR_26,S40b_Beh_28_APR_25
MET040,1980.0,671.0,15,2,3,28_APR_26,S40b_Beh_28_APR_25
MET040,1782.0,812.0,16,2,3,28_APR_26,S40b_Beh_28_APR_25
MET040,485.0,1777.0,1,3,3,05_MAY_26,S40c_Beh_05_MAY_25
MET040,2779.0,1267.0,2,3,3,05_MAY_26,S40c_Beh_05_MAY_25
MET040,1852.0,924.0,3,3,3,05_MAY_26,S40c_Beh_05_MAY_25
MET040,1865.0,729.0,4,3,3,05_MAY_26,S40c_Beh_05_MAY_25
MET040,2655.0,1462.0,5,3,3,05_MAY_26,S40c_Beh_05_MAY_25
MET040,1637.0,1027.0,6,3,3,05_MAY_26,S40c_Beh_05_MAY_25
MET040,1751.0,886.0,7,3,3,05_MAY_26,S40c_Beh_05_MAY_25
MET040,1314.0,1364.0,8,3,3,05_MAY_26,S40c_Beh_05_MAY_25
MET040,1337.0,1091.0,9,3,3,05_MAY_26,S40c_Beh_05_MAY_25
MET040,1271.0,977.0,10,3,3,05_MAY_26,S40c_Beh_05_MAY_25
MET040,2231.0,1347.0,11,3,3,05_MAY_26,S40c_Beh_05_MAY_25
MET040,672.0,1050.0,12,3,3,05_MAY_26,S40c_Beh_05_MAY_25
MET040,1892.0,778.0,13,3,3,05_MAY_26,S40c_Beh_05_MAY_25
MET040,1525.0,739.0,14,3,3,05_MAY_26,S40c_Beh_05_MAY_25
MET040,2094.0,1447.0,15,3,3,05_MAY_26,S40c_Beh_05_MAY_25
MET040,1358.0,1005.0,16,3,3,05_MAY_26,S40c_Beh_05_MAY_25
MET040,1714.0,787.0,17,3,3,05_MAY_26,S40c_Beh_05_MAY_25
MET040,2503.0,1504.0,18,3,3,05_MAY_26,S40c_Beh_05_MAY_25
MET040,1570.0,986.0,19,3,3,05_MAY_26,S40c_Beh_05_MAY_25
MET040,2088.0,590.0,20,3,3,05_MAY_26,S40c_Beh_05_MAY_25
