pc1_var,pc2_var,anisotropy,pca_angle_rad,pca_angle_deg,cov_rr,cov_gg,cov_rg,ellipse_area,hull_area,skew_r,skew_g,kurt_r,kurt_g,entropy,n_points,SubID
109589.98329788574,8168.348886022284,13.416418033443286,0.3465105929216351,19.85359453098543,97891.9816091954,19866.350574712647,32397.33333333334,93994.50012420204,3318.9061554698387,1.261355469593541,0.3820057107746702,1.9706305197574432,0.32278997216991145,1.9798788605981702e-11,30,MET001
43656.31171472857,10043.62767921112,4.346667669201928,0.032160251496744036,1.842646678842722,43621.55871212122,10078.380681818178,1080.2471590909115,65783.76048425818,2273.401323973999,0.4271110538220858,-0.509649176555855,-0.3880525627890594,0.5916925923316523,0.020995000673412267,33,MET002
55176.480681485744,6514.934973035396,8.46922968684341,0.35380089501800605,20.27129807248286,49335.219973009436,12356.195681511472,15815.323211875839,59563.73373556309,2696.7421773980814,0.9926056877534951,-0.29842119357072333,2.2547818272009534,-0.19789998066516734,0.6931472507265705,39,MET003
23518.551311666684,1693.7189586033,13.88574603372268,-0.6147952480406824,-35.22517297742969,16257.687687687685,8954.582582582585,-10283.33558558558,19827.859391009035,1831.004753058587,-1.5621916686939865,1.8702069292942585,4.339296928871668,5.693616252348788,4.160348850600884e-06,37,MET004
40044.690943763584,4396.171375077038,9.108992240563381,0.22798781113605038,13.062739358521396,38223.619323671504,6217.242995169081,7848.707246376813,41683.065696203055,1825.4227587306016,0.5555548179576595,-0.0496012932827352,-0.3784005455091881,-1.128333561969081,0.0018879100838025658,46,MET005
100434.33086985571,10943.099629470038,9.177868635992636,0.2674624875059515,15.32447171216153,94183.67611336033,17193.75438596491,22810.26315789474,104150.44851385744,3207.695457589941,0.6462666396966047,0.5716313038890979,0.49254771427751853,0.3159044187904345,2.483569328542009e-09,39,MET006
210182.02832697355,49142.340094078885,4.277004878575129,0.2156986720071193,12.35862355258457,202804.9894736842,56519.378947368416,33668.61052631579,319282.84064011154,4063.706733103717,-0.03820630533591125,0.6974604396578982,-0.903795861194836,0.283552975279012,-1.000088900581841e-12,20,MET007
116395.66891268047,2892.4737299625212,40.2408733074954,0.3146437471630438,18.027758762623776,105524.73423423423,13763.408408408406,33402.22447447447,57643.85201709803,2974.0468697314127,0.21913235711053247,0.3606372978287551,-0.4224028839363161,-0.6594086438313038,0.7908884705385718,37,MET008
50878.605211130154,9993.244788869466,5.091299801621895,0.4460675097127331,25.557785684450465,43268.848780487824,17603.00121951219,15912.864024390241,70838.72470857717,2296.634696147545,0.5647972128350586,0.9918287228109403,0.10675539168637771,0.46405428342513266,1.46043489453225e-11,41,MET009
157606.94924939732,2738.9619824866986,57.54258374419139,0.3451433761933088,19.77525878277265,139879.47826086957,20466.432971014492,49306.739130434784,65272.54646709407,3595.2555837402188,-0.025966973487711213,0.23505458097862558,0.5050758436230653,-0.03836664767760789,-1.000088900581841e-12,24,MET010
156678.58344390476,26814.221750900575,5.843115078983883,0.27985357014597156,16.034428451032504,146770.62337662338,36722.181818181816,34474.965367965364,203627.9031680462,3904.5977511514084,0.7298596935729771,0.4224642713756215,0.8827298707696603,0.07997410955489448,0.6931471805579453,22,MET011
45250.37214882046,3747.586437038135,12.074537281275788,0.31089330688735767,17.81287436351108,41366.52222222222,7631.4363636363605,12087.443939393943,40910.68766593605,2052.2424319600277,0.9682420393322108,1.8458658093704374,0.5339828473602855,4.947271855685298,0.04678914838469207,45,MET012
107709.18870787288,5936.6001810160205,18.143244521048235,-0.49163587633004957,-28.168660770927527,85029.28888888888,28616.5,-42353.44444444444,79441.08197164765,2408.0052483573954,1.7071246376160218,-1.3328385881289937,2.249791102904804,0.9201307588514389,0.47402653755366086,10,MET013
74499.51882174001,11019.78117825996,6.760526149894348,0.3327452021561635,19.064895736775547,67726.67777777779,17792.622222222224,19597.62222222222,90014.6281857584,2309.372463551783,0.673314371508357,1.019516382273554,1.0682105722905861,0.7653222795288577,-1.000088900581841e-12,10,MET014
94881.10926741827,1936.4758775090413,48.99679379919117,-0.6114032856882005,-35.03082785036521,64256.25905797099,32561.32608695652,-43686.77173913045,42583.935475790466,2244.4793558103925,0.14175115927008153,-0.05050569891241566,-1.1390111509996117,-1.2712622350646239,8.874389832417326e-10,24,MET015
835873.0572713562,2718.8882414641193,307.431929170152,-0.10214142412409923,-5.852272515766617,827211.0538461539,11380.891666666668,-84508.89871794869,149766.8565009699,6082.619615514195,-0.20598055778162297,0.46317609682708566,-1.1662385790388212,-0.2237619939005402,0.04219913487009184,40,MET016
784751.559495578,9458.407775024092,82.9686748722968,-0.12923853838664293,-7.404822799994119,771874.084161309,22335.8831092928,-99085.76621858562,270660.5644570434,5864.368294582709,-0.5766348935331574,0.2665218624777874,-1.0854087006302828,-0.25460727936934724,3.958167959399339e-05,59,MET017
265912.10008326714,37521.86383830142,7.086857444747466,0.33498829182021944,19.193415307595373,241227.25019607847,62206.713725490205,70911.47215686277,313805.91412227467,5954.950023028942,-0.6482123106938276,0.06421921684810096,1.140604387039363,-0.6882575016681778,-1.000088900581841e-12,51,MET018
126923.46951556469,14049.953655167183,9.033728696242765,0.3580223880861016,20.51317180852847,113063.04512195125,27910.37804878048,37045.424390243905,132665.58797543866,4192.892777594218,1.0311978658892271,0.951300744107552,2.7696416188145836,1.30043420633121,0.0002022233255374873,41,MET019
138329.29103184846,15583.02246021507,8.876923034989922,-0.37710446986271395,-21.606494558651857,121685.72063492062,32226.592857142856,-42022.94285714285,145858.8538407245,4068.7286017815723,0.34620155743070313,0.40335508831312866,0.7036887552551154,0.4371719067716904,-1.0000888858733043e-12,36,MET020
83905.22505139589,11382.02197865411,7.371732826447892,0.06466706399207033,3.7051498402480467,83602.36792452828,11684.879105520618,4676.798742138365,97085.43613846728,2825.9676817354475,-0.08028050769686884,0.486713427762919,-0.6327075045373496,-0.2740165970300068,0.21475790310911566,54,MET021
198501.7741200145,16358.02083796839,12.134828295320093,0.5641032484139684,32.32073534374024,146434.26890756303,68425.52605042019,82296.69327731091,179018.30779593615,3444.1873600084273,0.567453322828477,0.6361636797249266,-0.8616574202970559,-0.7685595269048395,7.041068166635948e-11,35,MET022
122339.76728459614,3437.9638667774707,35.58494854085528,0.2808498307673748,16.091509979933992,113205.19871420228,12572.532437171241,31665.06487434249,64429.43926684361,3460.3910015734946,0.3459739330940981,-0.10664047011705508,-0.2520190618604179,0.47044016677550893,3.1872727163649184e-06,59,MET023
99643.36686988632,7854.8914634468865,12.68551797737518,0.3347299785433168,19.178615047036658,89737.41282051284,17760.845512820506,28480.247435897425,87890.9510106935,3180.319429633998,0.9053901328197609,0.8927255414669018,0.7364488070805177,0.9387991150269865,0.30491781979125987,40,MET024
329231.23543408967,49986.64373257693,6.586384098829294,0.4691394760392494,26.8797119800278,272150.42916666664,107067.45,112611.22499999999,403020.7226622429,4731.86333317778,1.0640617052200922,0.6484152817268759,0.5824460490047807,-0.4557033806600752,-1.000088900581841e-12,16,MET025
175716.17297750583,51723.44448281142,3.3972248896899995,0.3948072035089256,22.620786482424023,157372.6373015873,70066.98015873015,44022.491269841266,299501.81598062225,3972.6960054513343,0.06675110206342708,0.9779478714358757,-0.7828920578670258,0.05751896338376028,1.3101510533563969e-05,36,MET026
41662.18655688451,5346.680109782156,7.7921599387740414,0.28455154197894594,16.303602409333276,38800.24576576577,8208.620900900902,9784.790450450451,46888.13976476745,2108.116799500797,0.3585530777067132,0.6842795640278472,-0.13665585303372918,0.14887535449844957,0.00412702781846564,75,MET000
152845.46591869742,7042.472717666193,21.703380623013466,0.2703383406925297,15.489245962251713,142446.83863636362,17441.1,37523.586363636365,103071.53393538664,4518.474926072963,-0.19341190133589353,0.06322414869087105,0.5654547354687236,2.5160500414861637,0.6931471805579453,56,MET027
730433.9130723306,5905.202717142645,123.69328337398149,-0.14014262065540126,-8.029580693457406,716297.1157894735,20042.0,-100213.1052631579,206327.7976385387,5758.958627986797,-0.5350444274059112,0.7773129389083818,-0.7458478943719404,0.6687011038159274,-1.000088900581841e-12,20,MET028
444715.08676875185,123377.20533651137,3.604515806269005,-0.3598225586044987,-20.616313981636498,404875.56578947365,163216.72631578948,-105899.76315789472,735882.1499166976,6036.28769252802,-0.5489236563521088,0.5389376851892359,-0.3970445414613546,-0.5779153490333893,-1.000088900581841e-12,20,MET029
382464.9652546003,112227.33522849134,3.4079483797411174,0.717546097587046,41.11236299782004,265626.10483091796,229066.1956521739,133876.57536231886,650871.1587429479,6835.890409795852,-0.07774478363576943,0.9046171749115175,-0.19231444247214435,-0.16211067381420774,-1.0000233106779266e-12,46,MET030
741659.4164942519,9693.078242590329,76.51433300470859,-0.1297691538825653,-7.435224828454712,729402.1157894738,21950.37894736842,-93923.85263157895,266368.57628208806,5699.576082654354,-0.9824201699415152,0.3024563424874566,-0.3512920941238238,-0.5437985469747622,-9.978713305679096e-13,20,MET031
715649.5517774473,25412.310722552447,28.161530039152872,-0.7133435705799679,-40.871575937024716,420093.7291666667,320968.1333333333,-341541.2,423664.5762358808,5842.005251008884,0.5455572729876759,-0.3079806181978932,-0.7241035601552297,-0.5987464427059477,0.6931471805579453,16,MET032
700757.3673778715,7495.672095812479,93.48826341661285,-0.7514612698667134,-43.05555923090406,377635.6078947368,330617.4315789474,-345832.7157894737,227687.4004781327,5907.700842017183,-1.0976615260507419,0.900365607171147,0.0374637917200471,0.09964536838019278,1.0755693056193788e-11,20,MET033
488246.43771108316,17780.759657338116,27.459256360263772,-0.6128385459763626,-35.113062207379635,332594.95789473684,173432.23947368417,-221362.3631578947,292714.72501799115,4807.247674921618,0.5430406006094363,-0.28290008863014676,-0.92112249435925,-1.2545979105424763,-1.000088900581841e-12,20,MET034
855950.4872611123,42764.707475729534,20.015347649621926,-0.173613149109723,-9.947300711962574,831685.1026315788,67030.09210526316,-138359.88157894736,601058.7824321203,6027.0555834529005,0.011596566502035586,0.24638787257260608,-1.452525250629429,-0.6419385423058572,0.726297866796632,20,MET035
888675.1593498713,2883.574860654835,308.18522226541427,-0.13626096727762932,-7.8071783373783745,872330.1578947367,19228.576315789473,-119210.34210526315,159032.91095265938,5224.960965604541,0.19658017519823204,-0.3735867180407848,-1.4839299366894125,-0.9404762566549767,-7.818990911063383e-13,20,MET036
421560.31222996314,33400.9486674721,12.621207751518284,-0.30965464576205554,-17.741904308784346,385515.75384615385,69445.50705128205,-112657.98974358977,372785.6037843368,6736.519775809635,-1.5203165139265942,1.6239857501083546,3.538951695255628,3.030978190883837,-1.000088900581841e-12,40,MET037
73164.11872720649,9469.642572228626,7.7261753196232545,-0.2342406037433309,-13.420997985089173,69732.74124293786,12901.020056497175,-14380.036158192082,82692.42711191034,3288.1804089894276,0.19040825243587395,-0.029749252827696165,0.8469623713299206,-0.70297800698842,9.774067291339178e-05,60,MET038
146903.18819323977,35727.00333218354,4.111825076045677,0.07712770891232637,4.419092204189846,146243.14661016953,36387.04491525422,8540.799152542373,227595.55638258398,4915.750348958154,0.8259240448369093,0.554665578680833,0.9415120980001599,0.14899495448146727,0.2265758551836998,60,MET039
660342.1668115695,188416.6523442748,3.5046911119352266,-0.6373491339310063,-36.51741545056491,493231.0532467532,355527.7659090909,-225694.20454545453,1108138.4636675909,8617.84306032393,-0.5253159612142246,0.3123655291995854,0.2453327154089746,-0.24133903948505608,0.2893181821786318,56,MET040
448519.59058441187,10205.040994535506,43.95078773564758,-0.5548794888578624,-31.792252849931906,326860.4315789474,131864.19999999998,-196275.38947368422,212543.56368211354,5046.686814767319,-0.47699687473143354,0.9221105891288135,-0.6063578111073515,0.27735931966514293,-7.783547016691622e-13,20,MET041
36194.71040894918,5219.760179286117,6.93417114306952,-0.08572356951735845,-4.911598738140954,35967.64705882354,5446.823529411767,-2642.2941176470586,43181.49764988008,2017.6408781283328,-0.25687175505202603,0.5172600750259752,1.656414060468876,-0.27544321192946786,5.3885953413429656e-11,18,MET042
994681.345158601,6416.312736135587,155.02382537508248,2.3251758385797014,133.22276217640888,469913.83947368426,531183.8184210528,-493181.9552631579,250977.40294991166,5984.146899252378,-0.09463031611083589,-0.07135229442037001,-1.3179393682030986,-1.4944834781276928,-1.000088900581841e-12,20,MET043
163019.6497476635,3751.513995026576,43.45436268231452,-0.5449582789622377,-31.22380939524918,120221.06432748536,46550.09941520467,-70602.63450292396,77691.43372103687,2748.147530869169,0.8474851530120947,-0.6858211969860672,-0.37222075168420643,-0.5416761569542237,7.438835449986545e-10,19,MET044
760491.7258857095,16844.584640606314,45.14754991657283,-0.09478544100877448,-5.4308057290890135,753830.5763157894,23505.73421052631,-70065.49736842106,355571.76915715286,6383.395714453302,-0.4625684352425361,-0.13346631903420775,-0.6295078395004863,0.9024526385722926,0.6931471805579453,20,MET045
